,İLAN_ADI,MAHALLE,FİYAT,NET,BRÜT,ODA_SALON_SAYISI,ODA_SAYISI
0,Neşe Emlak'tan Karşıyaka İmbatlı'da Satılık 1+1 Daire,"İmbatlı Karşıyaka
 İzmir",2.200.000,55,65,1+1,1
1,ALBATROS 7 DE BAKIMLI TADİLATLI MANZARALI 4+1,"Mavişehir Karşıyaka
 İzmir",9.750.000,184,210,4+1,4
2,Karşıyaka Goncalar Mah Girne Bulvarı Yakını Satılık 3+1 Daire,"Goncalar Karşıyaka
 İzmir",3.750.000,97,110,3+1,3
3,Karşıyaka Bostanlı'da Satılık Ebeveyn Banyolu 3+1 Daire,"Bostanlı Karşıyaka
 İzmir",5.950.000,120,130,3+1,3
4,Remax Target Ayşe Ayhandan Demirköprü de satılık 4 + 2 Dubleks,"Şemikler Karşıyaka
 İzmir",8.700.000,145,160,4+2,4
5,Karşıyaka Bostanlı Mah 3+1 Satılık Daire,"Bostanlı Karşıyaka
 İzmir",8.250.000,115,125,3+1,3
6,Karşıyaka AKSOY'da Asansörlü Geniş ve Ferah Satılık 3+1 Daire,"Aksoy Karşıyaka
 İzmir",3.800.000,135,145,3+1,3
7,RE/MAX Target'tan Karşıyaka Aksoyda Sıfır Daire,"Aksoy Karşıyaka
 İzmir",8.635.000,80,100,3+1,3
8,Karşıyaka Bahriye Üçok Mah. Ara Kat Satılık 3+1 Daire,"Bahriye Üçok Karşıyaka
 İzmir",3.150.000,110,120,3+1,3
9,Şemikler Priştina Arkasi Satılık 2+1 daire,"Şemikler Karşıyaka
 İzmir",2.480.000,65,75,2+1,2
10,"Kete'den Bostanlının Kalbinde 3 CEPHE ""0"" Ayarında Satılık 3+1","Bostanlı Karşıyaka
 İzmir",9.000.000,110,125,3+1,3
11,İZMİR LİVİN PROJESİNDEN SATILIK DAİRELER,"Mavişehir Karşıyaka
 İzmir",23.600.000,162,190,3+1,3
12,İzmir Karşıyaka Şemikler Ordu Bulvarında Satılık 3+1 Daire,"Şemikler Karşıyaka
 İzmir",3.200.000,85,112,3+1,3
13,GÜLTEKİN PRESTİJ SİTESİ'NDE LÜKS GENİŞ 2+1 SATILIK DAİRE,"Şemikler Karşıyaka
 İzmir",4.425.000,88,106,2+1,2
14,KARŞIYAKA ÇARŞIDA ZEMİN ÜSTÜ SATILIK DAİRE,"Donanmacı Karşıyaka
 İzmir",2.700.000,95,110,2+1,2
15,DEMİRKÖPRÜ NECİP DEMIR LİSESİ KARŞISI 3+1 124M2 SATILIK DAİRE,"Demirköprü Karşıyaka
 İzmir",4.200.000,118,124,3+1,3
16,Soyak Siesta Energy'de 1+1 Ara kat Full Eşyalı Satılık Daire,"İnönü Karşıyaka
 İzmir",2.550.000,36,52,1+1,1
17,KARŞIYAKA BAHÇELİEVLER'DE 4+1 SATILIK DAİRE,"Bahçelievler Karşıyaka
 İzmir",3.950.000,200,220,4+1,4
18,"Karşıyaka Nergiz'de Geniş Sokakta, Dubleks 3+1 Daire","Goncalar Karşıyaka
 İzmir",2.350.000,100,120,3+1,3
19,İzmir Karşıyaka Donanmacı Mah Sahil Yakını Satılık 3+1 Daire,"Donanmacı Karşıyaka
 İzmir",3.050.000,100,120,3+1,3
20,"Medical Point Hastane Yanı,Anadolu Cadde Üzeri Sıfır Satılık 1+1","İmbatlı Karşıyaka
 İzmir",2.350.000,65,85,1+1,1
21,KARŞIYAKA BOSTANLI'DA GENİŞ SATILIK 3+1 DAİRE,"Bostanlı Karşıyaka
 İzmir",4.275.000,120,130,3+1,3
22,Atakent Tramvay Durağı Yanı 5+1 Teraslı Lüks Dubleks Daire,"Yalı Karşıyaka
 İzmir",6.550.000,165,185,5+1,5
23,KARŞIYAKA İMBATLI MAH. 1+1 SATILIK DAİRE,"Örnekköy Karşıyaka
 İzmir",2.175.000,50,55,1+1,1
24,Karşıyaka Bostanlı Cengiz Topel Cad Tramvay Yolu Köşe Konum Satı,"Atakent Karşıyaka
 İzmir",8.100.000,110,135,3+1,3
25,Kete 'den Alaybey'de ARA kat ÇİFT cephe Ebeveyn banyolu 3+1,"Alaybey Karşıyaka
 İzmir",3.895.000,120,140,3+1,3
26,Karşıyaka Nergiz'de 3+1 asansörlü kapalı otoparklı daire,"Nergiz Karşıyaka
 İzmir",4.100.000,100,105,3+1,3
27,Karşıyaka'nın En Nezih Semtlerinden Birinde 5+1 Dubleks Daire,"Bahçelievler Karşıyaka
 İzmir",8.500.000,190,220,5+1,5
28,REMAX BEST'ten ATAKENT'te ÜÇ CEPHELİ EMSALSİZ 3+1 geniş Arakat,"Atakent Karşıyaka
 İzmir",5.750.000,148,165,3+1,3
29,YENİGİRNE'DE FIRSAT TERAS VE KIŞ BAHÇELİ DUBLEKS DAİRE 1 YILLIK,"Örnekköy Karşıyaka
 İzmir",4.250.000,150,210,3+1,3
30,Karşıyaka ATAKENT - YALI Mahallesinde önü açık 3+1 165m2 brüt,"Yalı Karşıyaka
 İzmir",5.750.000,148,165,3+1,3
31,KARŞIYAKA YENİGİRNE'de satılık 3+1 ARAKAT Remax Best'ten,"İmbatlı Karşıyaka
 İzmir",4.900.000,115,135,3+1,3
32,Karşıyaka Yenigirne Yakını 4+1 Teraslı dubleks acil fiyatlı,"Örnekköy Karşıyaka
 İzmir",4.250.000,150,210,4+1,4
33,karşıyaka yalısında açık otoparklı arakat yalı dairesi,"Tuna Karşıyaka
 İzmir",9.000.000,135,175,8,8
34,"Karşıyaka Atakent'de Merkezi Konumda Masrafsız 168m2, 3+1","Yalı Karşıyaka
 İzmir",8.000.000,169,175,3+1,3
35,KARŞIYAKA DEDEBAŞI-FİKRİALTAY'da Satılık 3+1 dubleks sıfır daire,"Fikri Altay Karşıyaka
 İzmir",5.450.000,150,190,3+1,3
36,KARŞIYAKA ÖRNEKKÖY ASİL YAŞAM SİTESİNDE SATILIK DAİRE,"Örnekköy Karşıyaka
 İzmir",4.100.000,70,75,2+1,2
37,REMAX BEST'ten KARŞIYAKA BOSTANLI SAHİLE KOMŞU 1+1 sıfır daire,"Bostanlı Karşıyaka
 İzmir",5.350.000,53,62,1+1,1
38,Bostanlı Gode Cengiz'de Tadilatlı Satılık 3+1 Daire,"Bostanlı Karşıyaka
 İzmir",3.250.000,110,120,3+1,3
39,BAHÇELİEVLER TELEKOM CİVARI 2+1 SATILIK DAİRE,"Bahçelievler Karşıyaka
 İzmir",2.050.000,86,90,2+1,2
40,CB Line'dan İzmir'in En İyi Projesinde Deniz Manzaralı 3+1 Daire,"Tersane Karşıyaka
 İzmir",20.000.000,125,190,3+1,3
41,BAHÇELİEVLER DE SATILIK TERASLI ÇATI DUBLEKS FIRSAT 4+1 DAİRE,"Bahçelievler Karşıyaka
 İzmir",5.990.000,160,200,4+1,4
42,Soyak Siesta Energy de Satılık 1+1 Eşyalı Daire,"İnönü Karşıyaka
 İzmir",2.575.000,40,53,1+1,1
43,RE/MAX Target Demirköprü Mahalle'de 4+2 Satılık Dubleks Daire,"Demirköprü Karşıyaka
 İzmir",9.000.000,270,290,4+1,4
44,KARŞIYAKA AKSOY MAH.DE DOĞALGAZLI SATILIK 3+1 DAİRE,"Aksoy Karşıyaka
 İzmir",2.400.000,90,110,3+1,3
45,KARŞIYAKA GİRNE PARALELİ R.Şardağ caddesinde satılık 3+1,"Bahriye Üçok Karşıyaka
 İzmir",2.400.000,115,130,3+1,3
46,RE/MAX TARGET Karşıyaka Aksoy da 3+1Satılık Daire,"Aksoy Karşıyaka
 İzmir",2.750.000,135,145,3+1,3
47,"TERSANE'de Doğalgazlı, Çift Cephe, Masrafsız, TADİLATLI 2+1","Tersane Karşıyaka
 İzmir",1.800.000,70,80,2+1,2
48,Karşıyaka Yeni Girne Cad. 3+1 Full Tadilatlı Satılık Daire,"İmbatlı Karşıyaka
 İzmir",5.250.000,128,140,3+1,3
49,Karşıyaka Yalı Mahallesi Önü Açık Çift Cephe Satılık 3+1 Daire,"Yalı Karşıyaka
 İzmir",5.750.000,140,155,3+1,3
50,Mavişehir Pamukkale 2 Muhteşem Konumda Satılık 4+1 Daire,"Mavişehir Karşıyaka
 İzmir",11.000.000,170,190,4+1,4
51,"Demirköprü ORDU BULVARI Üstü (164m2,Site İçi) SATILIK 3+1 DAİRE","Demirköprü Karşıyaka
 İzmir",3.200.000,120,164,3+1,3
52,Karşıyaka Yüksekvadi Evleri Satılık 3+1,"Mustafa Kemal Karşıyaka
 İzmir",5.250.000,116,132,3+1,3
53,Karşıyaka 360'da Körfez Manzaralı B Tipi 4+1 Satılık Daire,"Mustafa Kemal Karşıyaka
 İzmir",11.500.000,135,157,4+1,4
54,Remax Target'tan Karşıyaka Dedebaşı'nda 2+1 Satılık Daire,"Dedebaşı Karşıyaka
 İzmir",3.600.000,95,105,2+1,2
55,SoyakSiestaBlue Satılık Boş 1+1 Beyaz Eşyalı Daire Fulya Tok tan,"İnönü Karşıyaka
 İzmir",2.900.000,37,55,1+1,1
56,Karşıyaka Atakent Yalı Mahallesi Kilerli Satılık 3+1 Daire,"Yalı Karşıyaka
 İzmir",3.475.000,100,110,3+1,3
57,Mavişehir Soyak Optimus Havuz Cepheli Büyük Tip Satılık 2+1,"Mavişehir Karşıyaka
 İzmir",6.100.000,90,120,2+1,2
58,Soyak Siesta 1. Etap ta Satılık 2+1 Daire,"İnönü Karşıyaka
 İzmir",3.950.000,80,98,2+1,2
59,Remax Target'tan Karşıyaka Aksoy'da Satılık 2+1 Dubleks Daire,"Aksoy Karşıyaka
 İzmir",5.650.000,110,115,2+1,2
60,CB Line'dan Tersane Mahallesi'nde Tadilatlı 3+1 Satılık Daire,"Tersane Karşıyaka
 İzmir",3.200.000,135,148,3+1,3
61,Mavişehir Flamingo Sitesi 2.Etap 'ta Satılık Kilerli 3+1 Daire,"Mavişehir Karşıyaka
 İzmir",8.995.000,183,205,3+1,3
62,DUBLEX MAVİŞEHİR FLAMİNGOLARDA DENİZ MANZARALI TADİLATLI,"Mavişehir Karşıyaka
 İzmir",8.750.000,270,320,3+1,3
63,"Karşıyaka, Mavişehir Mahallesinde, Satılık 3+1 Daire","Mavişehir Karşıyaka
 İzmir",7.100.000,163,179,3+1,3
64,Karşıyaka Mavişehir Siena Evleri Eşyalı Boş Satılık 1+1 Daire,"Yalı Karşıyaka
 İzmir",5.000.000,68,81,Klima,K
65,Karşıyaka Mavişehir Modda Residence Satılık 2+1 Daire,"Mavişehir Karşıyaka
 İzmir",6.850.000,82,118,Klima,K
66,Karşıyaka Mavişehir Modda Residence Bahçe Katı Satılık 2+1 Daire,"Mavişehir Karşıyaka
 İzmir",7.950.000,98,145,Merkezi Sistem (Isı Payı Ölçer),M
67,Karşıyaka Mavişehir Park Yaşam Satılık 1+1 Daire 18. Kat,"Mavişehir Karşıyaka
 İzmir",5.600.000,68,86,Klima,K
68,Karşıyaka Nergis Dedebaşı Büyük Balkonlu Satılık 2+1 Daire,"Dedebaşı Karşıyaka
 İzmir",2.450.000,80,96,4,4
69,Karşıyaka Mavişehir Yalı Mah Doğa Koleji Arkası Satılık Boş 3+1,"Yalı Karşıyaka
 İzmir",4.500.000,112,150,Klima,K
70,"Karşıyaka Çarşı, Güzel Konumlu, Satılık 2+1 Daire","Tuna Karşıyaka
 İzmir",1.575.000,65,75,2+1,2
71,Bostanlı Sahil Yakını Dairemiz Satılıktır..,"Bostanlı Karşıyaka
 İzmir",3.500.000,85,100,3+1,3
72,"2+1, 108 M², Kapalı Mutfaklı Satılık Daire","Örnekköy Karşıyaka
 İzmir",2.995.000,95,108,2+1,2
73,RE/MAX Target Ceyda'dan Nergis Dedebaşı'nda 2+1 Satılık Daire,"Dedebaşı Karşıyaka
 İzmir",3.100.000,78,90,2+1,2
74,MERKEZİ KONUMDA AÇIK MUTFAKLI 2+1 DOĞALGAZLI ARA KAT,"İmbatlı Karşıyaka
 İzmir",2.600.000,70,75,2+1,2
75,ŞEMİKLER MERKEZDE 2+1 SATILIK DAİRE,"Şemikler Karşıyaka
 İzmir",3.600.000,85,100,2+1,2
76,Medical Park ve Yeni Açılan Dev.Hast. Yakını Sıfır 2+1 Daire,"İmbatlı Karşıyaka
 İzmir",3.500.000,80,90,2+1,2
77,BOSTANLI HÜSEYİN YURTTAŞ SOKAK SATILIK ARAKAT 3+1 KÖŞE DAİRE,"Bostanlı Karşıyaka
 İzmir",3.350.000,105,115,3+1,3
78,MAVİŞEHİR DOĞA KOLEJİ YAKINI SATILIK 3+1 DAİRE,"Yalı Karşıyaka
 İzmir",7.600.000,135,150,3+1,3
79,KARŞIYAKA YALI MAH KÖŞE KONUMLU 2+1 SATILIK DAİRE,"Şemikler Karşıyaka
 İzmir",3.300.000,100,115,2+1,2
80,ATAKENT'E KOMŞU ŞEMİKLER PAZARYERİ KARŞISI YATIRIMLIK SATILIK,"Yalı Karşıyaka
 İzmir",2.850.000,135,150,3+1,3
81,BOSTANLI'DA SATILIK DUBLEKS 5+1 TERASLI OTOPARKLI DAİRE,"Bostanlı Karşıyaka
 İzmir",11.100.000,200,250,5,5
82,Gode Cengiz'de 3+1 Bakımlı Daire,"Bostanlı Karşıyaka
 İzmir",3.990.000,120,130,3+1,3
83,Kw Martı Takım'dan Karşıyaka'da Geniş 3+1 Tadilatlı Satılık,"Bahariye Karşıyaka
 İzmir",3.999.000,130,155,3+1,3
84,YENİ GİRNE MERKEZİ KONUM SATILIK 3+1 DAİRE,"Örnekköy Karşıyaka
 İzmir",3.550.000,135,155,3+1,3
85,DEMİRKÖPRÜ İZBAN YAKINI EŞYALI SATILIK 2+1 DAİRE,"Demirköprü Karşıyaka
 İzmir",3.600.000,95,100,2+1,2
86,Aksoy'da Ara Kat 2+1 Doğalgazlı,"Aksoy Karşıyaka
 İzmir",2.500.000,85,95,2+1,2
87,"izbeton Denetiminde, Örnekköy West Cordelion Projesi, Devirli","Örnekköy Karşıyaka
 İzmir",1.820.000,73,88,2+1,2
88,BOSTANLI MERKEZ' DE İÇİ YENİLENMİŞ SATILIK FIRSAT BAHÇELİ DAİRE,"Bostanlı Karşıyaka
 İzmir",4.600.000,140,165,3+1,3
89,İzmir Karşıyaka Girne Nergiz'de tadilatlı SATILIK (1+1) Daire,"Nergiz Karşıyaka
 İzmir",2.000.000,70,80,1+1,1
90,MAVİŞEHİR MODERN SATILIK MANZARALI 1+1 KİRACISIZ DAİRE,"Mavişehir Karşıyaka
 İzmir",6.150.000,65,75,1+1,1
91,MAVİŞEHİR SOYAK OPTİMUS SİTESİNDE BÜYÜK TİP SATILIK 2+1 DAİRE,"Mavişehir Karşıyaka
 İzmir",6.000.000,85,100,2+1,2
92,RE/MAX Target Mahbube'den Demirköprü Mahallede 2+1 Satılık Daire,"Demirköprü Karşıyaka
 İzmir",2.600.000,65,75,2+1,2
93,BOSTANLI YALI MAHALLESİ ARAKAT SATILIK 3+1 DAİRE,"Yalı Karşıyaka
 İzmir",4.100.000,90,100,3+1,3
94,RE/MAX Target Mahbube'den Bostanlı Mahalle'de 3+1 Satılık Daire,"Bostanlı Karşıyaka
 İzmir",6.000.000,135,150,3+1,3
95,Karşıyaka Merkezde Satılık 3+1 Daire,"Bahariye Karşıyaka
 İzmir",2.500.000,127,135,3+1,3
96,KARŞIYAKA ANIT KARŞISI İZMİR MANZARALI SATILIK YALI DAİRESİ,"Tuna Karşıyaka
 İzmir",7.300.000,95,115,3+1,3
97,Mavişehir Soyak B Etap Havuz & Peyzaj Satılık 2+1 104 M² Daire,"Mavişehir Karşıyaka
 İzmir",6.500.000,75,104,2+1,2
98,İzmir Karşıyaka Muhteşem Konum Tadilatlı Satılık 3+1 120M² Daire,"Bahariye Karşıyaka
 İzmir",2.750.000,100,120,3+1,3
99,"KARŞIYAKA, DEDEBAŞI, ANADOLU CAD. YAKINI YENİ VE GENİŞ DAİRE","Dedebaşı Karşıyaka
 İzmir",6.000.000,125,150,3+1,3
100,İZMİR KARŞIYAKADA SATILIK DAİRE,"Yalı Karşıyaka
 İzmir",5.100.000,145,165,3+1,3
101,RE/MAX Target Mahbube'den Bahçelievler'de 3+1 Satılık Daire,"Bahçelievler Karşıyaka
 İzmir",3.450.000,145,160,3+1,3
102,KARŞIYAKA ÇARŞI İZBAN CEPHELİ İŞYERİ KİRACILI SATILIK DAİRE,"Bahariye Karşıyaka
 İzmir",2.800.000,140,165,0 TL (aylık),0
103,ALAYBEY DE MERKEZİ KONUMLU SATILIK 3+1 ASANSÖRLÜ DAİRE,"Tersane Karşıyaka
 İzmir",3.490.000,110,130,0 TL (aylık),0
104,MAVİŞEHİR SOYAK OPTİMUS HAVUZ CEPHE SATILIK 2+1 BAHÇE DUBLEKSİ,"Mavişehir Karşıyaka
 İzmir",7.100.000,100,120,1.500 TL (aylık),1
105,Remax Target'tan K.yaka Bahçelievler'de Arakat 2+1 Satılık Daire,"Bostanlı Karşıyaka
 İzmir",1.850.000,75,85,2+1,2
106,TT EMLAK'TAN İZMİR KARŞIYAKA'DA SATILIK 3+1 DUBLEKS DAİRE,"Demirköprü Karşıyaka
 İzmir",6.250.000,120,140,3+1,3
107,Karşıyaka Nergiz Mahallesinde Satılık 3+1 Daire,"Nergiz Karşıyaka
 İzmir",6.000.000,100,130,3+1,3
108,Karşıyaka Şemikler Mahallesi'nde Satılık 2+1 Daire,"Şemikler Karşıyaka
 İzmir",2.850.000,60,80,2+1,2
109,KARŞIYAKA ÇARŞI VE SEVGİ YOLU YAKINI BAKIMLI 3+1BAHÇELİ SATILIK,"Donanmacı Karşıyaka
 İzmir",2.200.000,110,130,3+1,3
110,"FİYATI DÜŞTÜ!! KARŞIYAKA, DONANMACI, ÇARŞI-SAHİL, OTOPARK,190 M2","Donanmacı Karşıyaka
 İzmir",13.000.000,149,190,3+1,3
111,Karşıyaka Ata Kent Yalı da Satılık 3+1 Lüx Köşe Daire,"Yalı Karşıyaka
 İzmir",4.970.000,130,145,3+1,3
112,Re/max Target Ayşe Ayhan dan Demirköprü'de Satılık daire,"Demirköprü Karşıyaka
 İzmir",2.850.000,119,129,3+1,3
113,Karşıyaka Ata Kent Yalı da Satılık 3+1 Lüx Daire,"Yalı Karşıyaka
 İzmir",8.350.000,152,165,3+1,3
114,HARİKA KONUM TAPUDA TAM GÖSTERİM DEMİRKÖPRÜ 3+1 SATILIK DAİRE,"Demirköprü Karşıyaka
 İzmir",4.500.000,120,135,3+1,3
115,KARŞIYAKA SOYAK OPTİMUS YATIRIMLIK 1+1 SATILIK DAİRE,"Mavişehir Karşıyaka
 İzmir",3.650.000,45,50,1+1,1
116,KARŞIYAKA DEMİRKÖPRÜ MERKEZ LOKASYON 2+1 SATILIK DAİRE,"Demirköprü Karşıyaka
 İzmir",4.500.000,65,85,2+1,2
117,K.yaka Atakent 'te Arakat ebevynli Satılık 3+1 Daire,"Atakent Karşıyaka
 İzmir",7.500.000,120,125,3+1,3
118,SON 1 DAİRE MÜSTAKİL BAHÇELİ - 3+1 DUBLEX SATILIK,"Şemikler Karşıyaka
 İzmir",4.900.000,130,160,3+1,3
119,Mavişehir Pamukkale Sitesi Satılık 2+1 Full Tadilatlı Boş Daire,"Mavişehir Karşıyaka
 İzmir",6.400.000,120,128,2+1,2
120,GHO NOW'DAN KARŞIYAKA'DA SATILIK DUBLEX 2+1,"Örnekköy Karşıyaka
 İzmir",2.690.000,52,71,2+1,2
121,KARŞIYAKA DEDEBAŞI ARAKAT KARANLIKSIZ 2+1 SATILIK DAİRE,"Dedebaşı Karşıyaka
 İzmir",3.125.000,75,90,2+1,2
122,NERGİZ DE GİRNE BULVARI SATILIK 2+1 DAİRE,"Nergiz Karşıyaka
 İzmir",4.200.000,80,90,2+1,2
123,KARŞIYAKA ÇARŞI İÇİNDE İZBANA 5 DK TADİLATLI 2+1 SATILIK DAİRE,"Alaybey Karşıyaka
 İzmir",1.840.000,70,106,2+1,2
124,Karşıyaka Bahariye Mahallesi'nde Satılık 3+1 Dubleks Daire,"Bahariye Karşıyaka
 İzmir",3.950.000,90,120,3+1,3
125,"Demirköprü ORDU BULVARI Üstü (164m2,Site İçi) SATILIK 3+1 DAİRE","Demirköprü Karşıyaka
 İzmir",3.200.000,120,164,3+1,3
126,"Atakent YALI MAHALLESİN'de (Asansörlü,D.Gazlı) SATILIK 2+1 DAİRE","Yalı Karşıyaka
 İzmir",3.500.000,88,100,2+1,2
127,Karşıyaka Bahçelievlerde Takav Sokağında Satılık 3+1 Daire,"Bahçelievler Karşıyaka
 İzmir",3.250.000,110,120,3+1,3
128,Hatice Hoşköseoğlu'ndan Karşıyaka Örnekköy'de Satılık 2+1 Daire,"Örnekköy Karşıyaka
 İzmir",2.750.000,80,100,2+1,2
129,Karşıyka Nergiz Demirköprüde Satılık 3+1 Lüx Dublex Daire,"Demirköprü Karşıyaka
 İzmir",4.950.000,160,200,3+1,3
130,Karşıyaka Bahçelievlerde İzbana Bir Dakika 3+1,"Bahçelievler Karşıyaka
 İzmir",1.910.000,80,90,3+1,3
131,KARŞIYAKA'DA 4 BALKON 1 TERASLI AYDINLIK 3+1 SATILIK DUBLEKS,"Şemikler Karşıyaka
 İzmir",5.250.000,130,140,3+1,3
132,Karşıyaka Yeni Binada Satılık 3+1 Daire,"Zübeyde Hanım Karşıyaka
 İzmir",2.490.000,110,125,3+1,3
133,Mavişehir Soyak Optimus Muhteşem Konumlu Satılık 3+1 123 M²Daire,"Mavişehir Karşıyaka
 İzmir",7.500.000,83,123,3+1,3
134,"Re/Max Target Karşıyaka Günsazak Blv. 3,5+1 Daire","Bahçelievler Karşıyaka
 İzmir",4.000.000,155,160,3+1,3
135,1.99 ORAN İLE GARANTİ KREDİ ÇIKAR İMBATLIDA 1+1 SATILIK DAİRE,"İmbatlı Karşıyaka
 İzmir",2.750.000,40,50,1+1,1
136,KREDİYE UYGUN MANZARALI LÜX 3+1 DUBLEX SATILIK DAİRE,"İmbatlı Karşıyaka
 İzmir",4.900.000,160,180,3+1,3
137,Re/max Target Ayşe Ayhan dan Devren Kiralık market,"Demirköprü Karşıyaka
 İzmir",2.100.000,300,315,1+0 (Stüdyo),1
138,Karşıyaka Dedebaşı'da Arakat Doğalgazlı Satılık 3+1 Daire,"Dedebaşı Karşıyaka
 İzmir",2.900.000,101,120,3+1,3
139,Kw Martı Takım dan Bahçelievlerde Cadde Üzeri 3+1 Geniş Daire,"Bahçelievler Karşıyaka
 İzmir",4.400.000,155,185,3+1,3
140,KARŞIYAKA ÇARŞI MERKEZDE 1+1 DAİRE,"Donanmacı Karşıyaka
 İzmir",1.580.000,48,50,1+1,1
141,Karşıyaka Bostanlı Muhteşem Konumlu Satılık 3+1 100 M² Daire,"Bostanlı Karşıyaka
 İzmir",3.850.000,85,100,3+1,3
142,MAVİŞEHİR FLAMİNGO SİTESİ& 3 ODA 1 SALON,"Mavişehir Karşıyaka
 İzmir",6.875.000,164,183,3+1,3
143,Mavişehir Bozoğlu Sitesi'nde Satılık 2+1 Fırsat Daire,"Yalı Karşıyaka
 İzmir",6.650.000,100,119,2+1,2
144,Keller Williams'den Yalı Mh.de 5+1Dubleks Daire,"Yalı Karşıyaka
 İzmir",4.550.000,175,200,5+1,5
145,MERKEZİ KONUMDA 2+1 KAPALI MUTFAKLI KÖŞE DAİRE,"İmbatlı Karşıyaka
 İzmir",2.350.000,80,85,2+1,2
146,CENTURY 21 PUSULA DAN ŞEMİKLER'DE 2+1 SATILIK DAİRE,"Şemikler Karşıyaka
 İzmir",2.350.000,70,80,2+1,2
147,İZMİR KARŞIYAKA BAHÇELİEVLER DE TADİLATLI 3+1 SATILIK DAİRE,"Bahçelievler Karşıyaka
 İzmir",2.600.021,110,125,3+1,3
148,"Karşıyaka NERGİS Merkez'de (120m2,D.Kombili)SATILIK 3+1 DAİRE","Goncalar Karşıyaka
 İzmir",1.995.000,110,120,3+1,3
149,"Karşıyaka Örnekköy Asansörlü, Geniş Sokakta Satılık 2+1 Daire","Örnekköy Karşıyaka
 İzmir",2.280.000,80,90,2+1,2
150,Karşıyakada Şemikler Meydan Yakını Köşe Fırsat Satılık 1+1 Daire,"Şemikler Karşıyaka
 İzmir",2.350.000,50,60,1+1,1
151,BORNOVA TURYAP'TAN KARŞIYAKA BAHÇELİ EVLERDE 3+1 SATILIK DAİRE,"Bahçelievler Karşıyaka
 İzmir",4.650.000,140,160,3+1,3
152,Karşıyaka Ata Kent Yalı da Satılık 3+1 Daire,"Yalı Karşıyaka
 İzmir",3.598.000,88,110,2+1,2
153,Palmiye Park Fiora Sitesinde Satılık Müstakil Bahçeli 1+1 Daire,"Bostanlı Karşıyaka
 İzmir",3.225.000,62,90,1+1,1
154,KARŞIYAKA MERKEZDE KENTSEL DÖNÜŞÜME UYGUN SATILIK 2 DAİRE,"Donanmacı Karşıyaka
 İzmir",7.000.000,300,320,5+2,5
155,RE/MAX TARGET GODE CENGİZ PARKI YAKINI 3+1 SATILIK,"Bostanlı Karşıyaka
 İzmir",7.000.000,142,160,3+1,3
156,İZMİR KARŞIYAKA DA SATILIK DAİRE,"Dedebaşı Karşıyaka
 İzmir",2.950.000,85,90,2+1,2
157,RÜŞTÜ ŞARDAĞ'DA ARA KAT 3+1 SATILIK DAİRE,"Bahçelievler Karşıyaka
 İzmir",2.550.000,110,120,3+1,3
158,YENİ GİRNE YAKINI 4+1 FIRSAT SATILIK DUBLEKS DAİRE,"Örnekköy Karşıyaka
 İzmir",5.750.000,179,210,4+1,4
159,"Mavişehir Pamukkale Blokları Ön Sırada, Tadilatlı Satılık 3+1","Mavişehir Karşıyaka
 İzmir",6.250.000,135,155,3+1,3
160,BOSTANLIDA MUHTEŞEM KONUMLU 3+1 SATILIK DAİRE,"Atakent Karşıyaka
 İzmir",5.790.000,110,130,3+1,3
161,KARŞIYAKA YALI MAHALLESİNDE 2+1 KELEPİR SATILIK DUBLEKS DAİRE,"Yalı Karşıyaka
 İzmir",2.900.000,100,120,2+1,2
162,Karşıyaka Şemikler'de Satılık 2+1 Teras Dubleks Daire,"Şemikler Karşıyaka
 İzmir",3.000.000,90,105,2+1,2
163,CB Line'dan Karşıyaka Merkezi Konumda Konforlu 2+1 Satılık Daire,"Bahçelievler Karşıyaka
 İzmir",2.350.000,80,100,2+1,2
164,"İZMİR KARŞIYAKA ALAYBEYDE ASANSÖRLÜ, OTOPARKLI, DOĞALGAZLI DAİRE","Bahariye Karşıyaka
 İzmir",2.500.000,60,75,2+1,2
165,İZMİR KARŞIYAKADA SATILIK DAİRE,"Şemikler Karşıyaka
 İzmir",4.500.000,135,147,3+1,3
166,KARŞIYAKA FULL TADİLATLI SATILIK3+1 BAHÇELİDUBLEKS (BAHÇE 67M),"Yalı Karşıyaka
 İzmir",3.250.000,95,110,Evet,E
167,Karşıyaka Yalı mh. Genç Bina Ebeveyn Banyo 2+1 Satılık Dubleks,"Yalı Karşıyaka
 İzmir",5.200.000,78,93,2+1,2
168,İzmir Atakent Süper Lokasyonda SATILIK Müthiş Yatırımlık DAİRE,"Atakent Karşıyaka
 İzmir",3.790.000,100,120,3+1,3
169,Karşıyaka Aksoy'da Satılık Doğalgazlı 5+1 Teraslı Dubleks Daire,"Aksoy Karşıyaka
 İzmir",7.500.000,290,340,5+1,5
170,MAVİŞEHİR PAMUKKALE BLOKLARINDA KÖŞE 3+1 SATILIK DAİRE,"Mavişehir Karşıyaka
 İzmir",6.500.000,155,170,3+1,3
171,Karşıyaka Ata Kent Yalı da Satılık 3+1 Daire,"Yalı Karşıyaka
 İzmir",2.985.000,135,150,3+1,3
172,Karşıyaka Demir Köprüde Satılık 3+1 Daire,"Demirköprü Karşıyaka
 İzmir",3.298.000,115,130,3+1,3
173,KARŞIYAKA ALAYBEY'DE SATILIK 2+1 ARAKAT DAİRE,"Alaybey Karşıyaka
 İzmir",3.250.000,75,80,2+1,2
174,Yavuz Demirulus'dan Pamukkale Bloklarında Tadilatlı 3+1 Daire,"Mavişehir Karşıyaka
 İzmir",6.500.000,16,180,3+1,3
175,BOSTANLI TRAMVAY CD Sİ ÜZERİNDE TABELA DEĞERİ YÜKSEK SATILIK 3+1,"Bostanlı Karşıyaka
 İzmir",15.000.000,150,165,3+1,3
176,Cb Line'dan Tersane Mahallesinde Fırsat Daire,"Tersane Karşıyaka
 İzmir",3.000.000,155,165,3+1,3
177,Soyak Siesta Oxygen Sitesi 1+1 Eşyalı Masrafsız Satılık Daire,"İnönü Karşıyaka
 İzmir",2.325.000,35,50,1+1,1
178,Karşıyaka Bahariye Mah. Açık Mutfaklı Satılık 2+1 Daire,"Bahariye Karşıyaka
 İzmir",1.950.000,80,110,2+1,2
179,ŞEMİKLER'DE ANADOLU CADDESİ YAKINI 2+1 SATILIK DAİRE D-26,"Şemikler Karşıyaka
 İzmir",3.250.000,80,100,2+1,2
180,KARŞIYAKA MAVİŞEHİR SEDEF SİTESİNDE ACİL SATILIK 3+1 DAİRE,"Yalı Karşıyaka
 İzmir",6.250.000,130,145,3+1,3
181,KARŞIYAKA MAVİŞEHİR SEDEF SİTESİNDE ACİL SATILIK 3+1 DAİRE,"Yalı Karşıyaka
 İzmir",6.250.000,130,145,3+1,3
182,KARŞIYAKA YALI MAH. 2+1 90M2 CADDE ÜSTÜ SATILIK SIFIR DAİRE,"Yalı Karşıyaka
 İzmir",6.250.000,82,90,2+1,2
183,ŞEMİKLER ORDU BULVARI YAKININDA SATILIK 3+1 DUBLEKS DAİRE,"Şemikler Karşıyaka
 İzmir",5.225.000,130,160,3+1,3
184,KARŞIYAKA ANADOLU CADDESİN DE SATILIK 2+1 DAİRE,"Şemikler Karşıyaka
 İzmir",3.000.000,80,90,2+1,2
185,AKSOY'DA FULL TADİLATLI 3+1 KÖŞE DAİRE,"Aksoy Karşıyaka
 İzmir",4.500.000,130,150,3+1,3
186,KARŞIYAKA ÖRNEKKÖYDE 2+1 75 M2 K.MUTFAK SIFIR DAİRE,"Örnekköy Karşıyaka
 İzmir",2.890.000,75,80,2+1,2
187,Karşıyaka Aksoy Mahallesi'nde Satılık 2+1 Daire,"Aksoy Karşıyaka
 İzmir",2.950.000,110,125,2+1,2
188,CB Line'dan Karşıyaka Nergis'de Merkezi Konumda Satılık Daire,"Tersane Karşıyaka
 İzmir",2.600.000,100,110,3+1,3
189,KARŞIYAKA GİRNE BULV. ÜZERİ EŞSİZ SATILIK 4+1 DAİRE,"Nergiz Karşıyaka
 İzmir",14.000.000,145,170,4+1,4
190,Mert Uçar'dan Mavişehir de Satılık Köşe Konum 1+1 Daire,"Yalı Karşıyaka
 İzmir",2.750.000,45,55,1+1,1
191,Atakent Yalı Mh Cihat Kora Lisesi Yakını 3+1 Daire,"Yalı Karşıyaka
 İzmir",3.300.000,113,130,3+1,3
192,BOSTANLI'DA SAHİLE YAKIN YATIRIM FIRSATI 3+1 110 M2BAHÇELİ DAİRE,"Bostanlı Karşıyaka
 İzmir",2.750.000,110,120,3+1,3
193,BOSTANLI UĞUR MUMCU PARKINA YAKIN 3+1 SATILIK DAİRE,"Bostanlı Karşıyaka
 İzmir",4.900.000,120,130,3+1,3
194,"KARŞIYAKA GİRNE CADDE ÜSTÜ (D.GAZLI,ASANSÖRLÜ)SATILIK 2+1DAİRE","Nergiz Karşıyaka
 İzmir",3.000.000,90,100,2+1,2
195,KARŞIYAKA MERKEZDE 3+1 SATILIK DAİRE,"Tuna Karşıyaka
 İzmir",3.250.000,125,140,3+1,3
196,Bostanlı (Sahile Yürüme Mesafesi)SATILIK 2+1KLASİK DAİRE,"Bostanlı Karşıyaka
 İzmir",3.000.000,75,90,2+1,2
197,"Karşıyaka Teraslı, Asansörlü Daire","Bahariye Karşıyaka
 İzmir",3.750.000,140,170,3+1,3
198,İzmir Karşıyaka Yalı Mahallesinde Satılık 3+1 Daire,"Yalı Karşıyaka
 İzmir",4.650.000,135,155,3+1,3
199,Karşıyaka ( Bostanlı ) Yalı Mahallesi Satılık 3+1 Dublex Daire,"Yalı Karşıyaka
 İzmir",3.885.000,120,135,3+1,3
200,"BOSTANLI Uğur Mumcu Park Yanı (D.GAZLI,ASANSÖRLÜ) SATILIK 3+1KLA","Bostanlı Karşıyaka
 İzmir",3.200.000,113,130,3+1,3
201,Remax Target'tan Karşıyaka Atakent'te Köşe 4+1 Satılık Daire,"Yalı Karşıyaka
 İzmir",7.500.000,230,240,4+1,4
202,Park Yaşam Mavişehir Satılık 1+1 Deniz Manzaralı Daire,"Yalı Karşıyaka
 İzmir",5.350.000,75,85,1+1,1
203,REMAX TARGET'TAN KARŞIYAKA ÇARŞIDA SATILIK DAİRE,"Tuna Karşıyaka
 İzmir",3.150.000,115,125,2+1,2
204,MEDİKALPOİNT HASTANESİ ARKA KISMI 2+1 AÇIK MUTFAKLI SIFIR DAİRE,"İmbatlı Karşıyaka
 İzmir",2.400.000,63,72,2+1,2
205,CB Line'dan Tersane'de Satılık 2+1 Fırsat Daire,"Tersane Karşıyaka
 İzmir",2.500.000,85,105,2+1,2
206,ANADOLU CADDESİ YAKINI GENİŞ 1+1 KİRACILI DAİRE,"İmbatlı Karşıyaka
 İzmir",1.950.000,50,55,1+1,1
207,KYAKA ORDU BULVARI YAKINI GENİŞ ARAKAT 2+1 SATILIK DAİRE D-25,"Fikri Altay Karşıyaka
 İzmir",3.100.000,85,100,2+1,2
208,ÖRNEKKÖY LA VİDA PARK'ta CADDE CEPHELİ 3+1 DAİRE,"Örnekköy Karşıyaka
 İzmir",5.250.000,99,140,3+1,3
209,MERKEZİ KONUMDA PARK CEPHELİ KÖŞE 2+1 DOĞALGAZLI DAİRE,"Nergiz Karşıyaka
 İzmir",2.200.000,84,95,2+1,2
210,Karşıyaka Nergiz Demir köprü de Satılık 3+1 Lüx Daire,"Demirköprü Karşıyaka
 İzmir",4.945.000,142,155,3+1,3
211,MERKEZİ KONUMDA ÖNÜ AÇIK KASIM AYI TESLİM 2+1 ARA KAT,"Zübeyde Hanım Karşıyaka
 İzmir",2.850.000,80,87,2+1,2
212,Yatırımcıya Karşıyaka Girne Bulvarnda 2+1 Satılık Daire,"Bahriye Üçok Karşıyaka
 İzmir",3.650.000,100,120,2+1,2
213,YATIRIMCIYA Karşıyaka Çarşıda Tadilatlı 3+1 BOŞ Satılık Daire,"Donanmacı Karşıyaka
 İzmir",3.090.000,125,135,3+1,3
214,Karşıyaka Şemikler'de 2+1 Arakat Satılık Daire,"Şemikler Karşıyaka
 İzmir",3.600.000,90,100,2+1,2
215,KARŞIYAKA İZSU CADDESİ ÇİFT CEPHELI 3.KAT FULL BAKIMLI 130M2,"Bahriye Üçok Karşıyaka
 İzmir",4.950.000,110,130,3+1,3
216,YELKEN RESİDANCE YÜKSEK KİRA ORANI SATILIK EŞYALI 1+1 LÜKS DAİRE,"İmbatlı Karşıyaka
 İzmir",2.900.000,52,64,1+1,1
217,YUNUSLAR YAKINI PARK MANZARALI ASANSÖRLÜ KÖŞE 3+1 DAİRE,"Bostanlı Karşıyaka
 İzmir",4.500.000,115,125,3+1,3
218,RE/MAX Target Pınar'dan Karşıyaka Donanmacı'da 3+1 Satılık Daire,"Donanmacı Karşıyaka
 İzmir",3.750.000,90,100,3+1,3
219,MEDİCAL POİNTE YAKIN 2+1 FERAH DAİRE,"Örnekköy Karşıyaka
 İzmir",2.500.000,75,100,2+1,2
220,Mert Uçar'dan Satılık Bostanlı da Sıfır Ara Kat 2+1 Daire,"Bostanlı Karşıyaka
 İzmir",5.500.000,70,90,2+1,2
221,Bahçelievlerde 3+1 Doğalgazlı Elit Bölgede Satılık Daire,"Bahçelievler Karşıyaka
 İzmir",2.250.000,93,110,3+1,3
222,Turpa Aksoy/Alaybey Çarşı Karşıyaka Çarşı Arasında 4 Yaş 2+1,"Alaybey Karşıyaka
 İzmir",3.275.000,69,70,2+1,2
223,Karşıyaka Aksoy Mah. Denize Yürüme Mesafesi Satılık Daire,"Aksoy Karşıyaka
 İzmir",4.300.000,130,150,3+1,3
224,KARŞIYAKA ŞEMİKLERDE SATILIK LÜKS 2+1 DAİRE,"Fikri Altay Karşıyaka
 İzmir",5.100.000,120,126,2+1,2
225,AYN'DEN ŞEMİKLER'İN MERKEZİNDE 3+1 DUBLEKS DAİRE !!,"Şemikler Karşıyaka
 İzmir",5.900.000,160,180,3+1,3
226,Karşıyaka Ata Kent Yalı da Satılık 3+1 Uygun Fiyatlı Daire,"Yalı Karşıyaka
 İzmir",2.985.000,100,125,3+1,3
227,KARŞIYAKA DONANMACI MAH. SAHİLE 250M MESAFEDE SATILIK 3+1 DAİRE,"Donanmacı Karşıyaka
 İzmir",3.650.000,95,120,3+1,3
228,KARŞIYAKA ŞEMİKLER 3+1 SATILIK DAİRE AÇIKLAMAYI OKUYUNUZ !!,"Şemikler Karşıyaka
 İzmir",2.500.000,130,140,3+1,3
229,MEDİKALPOİNT HASTANESİ YAKINI 2+1 KAPALI MUTFAKLI BAKIMLI DAİRE,"İmbatlı Karşıyaka
 İzmir",2.650.000,75,85,2+1,2
230,BUCA TOKİ KONUTLARINDA FERAH 2+1 SATILIK DAİRE,"Bostanlı Karşıyaka
 İzmir",2.775.000,75,85,2+1,2
231,BAHRİYE ÜÇOKTA ÇİFT CEPHE 100 M2 3+1 DAİRE,"Bahriye Üçok Karşıyaka
 İzmir",2.950.000,100,120,3+1,3
232,Tuna mahallesi 2+1 kapalı mutfak 4.kat,"Tuna Karşıyaka
 İzmir",2.200.000,70,75,2+1,2
233,KARŞIYAKA ÇARŞI YÜRÜME MESAFESİ SATILIK 2+1 DAİRE,"Alaybey Karşıyaka
 İzmir",2.750.000,55,65,2+1,2
234,Karşıyaka Alaybey'de Satılık 3+1 Daire,"Alaybey Karşıyaka
 İzmir",2.725.000,120,130,3+1,3
235,AKSOYDA 3 CEPHELİ ARA KAT SATILIK 3+1 DAİRE FERAH VE KULLANIŞLI,"Aksoy Karşıyaka
 İzmir",3.850.000,120,135,3+1,3
236,REMAX TARGET'TAN MAVİŞEHİR YALI MAHALLESİNDE 3+1 SATILIK DAİRE,"Yalı Karşıyaka
 İzmir",6.500.000,115,130,3+1,3
237,Turpa Aksoy'dan/Aksoy'un Kalbinde Full Tadilatlı 3+1,"Aksoy Karşıyaka
 İzmir",4.500.000,140,150,3+1,3
238,KARŞIYAKA FULL TADİLATLI KREDİYE UYGUN SATILIK 3+1 DAİRE,"Bahçelievler Karşıyaka
 İzmir",1.947.000,98,110,3+1,3
239,KARŞIYAKA ÇARŞI'YA YÜRÜME MESAFESİ SATILIK 3+1 DAİRE,"Tuna Karşıyaka
 İzmir",2.850.000,120,130,3+1,3
240,KARŞIYAKA YALI ' DA MUHTEŞEM ÇATI DUBLEKSİ,"Yalı Karşıyaka
 İzmir",17.000.000,200,350,4+1,4
241,Karşıyaka Ata Kent Yalı da Satılık 3+1 Ara Kat Daire,"Yalı Karşıyaka
 İzmir",5.290.000,125,145,3+1,3
242,Karşıyaka Yalı Mahallesinde satılık 2+1 Daire,"Yalı Karşıyaka
 İzmir",2.750.000,65,88,2+1,2
243,KARŞIYAKA ALAYBEY'DE SATILIK 2+1 ÇATI DUBLEKSİ,"Alaybey Karşıyaka
 İzmir",3.500.000,85,100,2+1,2
244,Karşıyaka Aksoy Mahallesi'nde Satılık 2+1 Daire,"Aksoy Karşıyaka
 İzmir",2.950.000,110,125,2+1,2
245,BOSTANLI GODE CENGİZ PARKI YAKINI İZBAN HATTI ÜZERİNDE 135m2 3+1,"Bostanlı Karşıyaka
 İzmir",3.250.000,115,135,3+1,3
246,KARŞIYAKANIN EN NEZİH SEMTİ ÇAMLIKTA 3+1 SATILIK DAİRE,"Aksoy Karşıyaka
 İzmir",4.250.000,150,170,3+1,3
247,Bostanlı Merkezde İzban Yanı Satılık 3+1,"Bostanlı Karşıyaka
 İzmir",3.950.000,125,140,3+1,3
248,K.YAKA BAHRİYE ÜÇOK BLV ÜZERİ 180M2 KÖŞE FULL BAKIMLI K-5,"Bahriye Üçok Karşıyaka
 İzmir",7.000.000,160,180,3+1,3
249,Mavişehir Flamingolarda 3+1 Satılık Daire,"Mavişehir Karşıyaka
 İzmir",8.200.000,170,183,3+1,3
250,BOSTANLI MERKEZDE TAKEV YAKINI SIFIR BİNADA 3 CEPHE 3+1 DAİRE,"Bostanlı Karşıyaka
 İzmir",6.750.000,110,120,3+1,3
251,Örnekköy'de Köşe Cepheli 3+1 Satılık Daire,"Örnekköy Karşıyaka
 İzmir",2.900.000,110,120,3+1,3
252,"BOSTANLI'DA GİRNE BULVARI YAKINI, PARK CEPHELİ, 5.KAT SATILIK","Bostanlı Karşıyaka
 İzmir",3.400.000,110,123,3+1,3
253,BOSTANLI GİRNE BLV VE SAHİL YAKIN FERAH 3+1 SATILIK DAİRE,"Bostanlı Karşıyaka
 İzmir",3.100.000,110,120,2+1,2
254,KARŞIYAKA BOSTANLI AKBANK SOKAĞINDA SON KAT SATILIK 3+1 DAİRE,"Bostanlı Karşıyaka
 İzmir",5.750.000,95,120,3+1,3
255,KARŞIYAKA ATAKENT VENEDİK SİTESİ TRAMVAYA YAKIN SATILIK 1+1DAİRE,"Atakent Karşıyaka
 İzmir",2.850.000,42,50,1+1,1
256,KARŞIYAKA LATİFE HANIM KÖŞKÜNE YAKIN YENİ 90M2 2+1 KÖŞE 2 BANYOL,"Bahriye Üçok Karşıyaka
 İzmir",5.900.000,80,90,2+1,2
257,Eylem Keskinden Sahile 1 Dk. Mesafede Satılık Muhteşem 2+1 Daire,"Alaybey Karşıyaka
 İzmir",3.190.000,60,80,2+1,2
258,Bahariye Mahallesi Karşıyaka İzmir 'de Satılık Arakat 2+1 Daire,"Bahariye Karşıyaka
 İzmir",2.400.000,87,95,2+1,2
259,Karşıyaka Bahçelievler'de Geniş 3+1 Ara Kat Site İçinde Daire,"Bahçelievler Karşıyaka
 İzmir",2.850.000,110,120,3+1,3
260,KARŞIYAKA B. ÜÇOK RÜŞTÜ ŞARDAĞ CAD 3+1 SIFIR ARA KAT,"Bahriye Üçok Karşıyaka
 İzmir",6.500.000,100,110,3+1,3
261,ORDU BULVARINDA ÇİFT TERASLI 4+1 SATILIK DUBLEX DAİRE,"Şemikler Karşıyaka
 İzmir",4.875.000,140,160,4+1,4
262,Orman ve havuz manzaralı çevrenin en iyi sitesinde satılık,"Latife Hanım Karşıyaka
 İzmir",3.250.000,85,110,2+1,2
263,"GİZLİ BAHÇE EVLERİNDE (DEDEBAŞI) 2+1 YENİ, Z+1 85M2","Dedebaşı Karşıyaka
 İzmir",3.000.000,80,85,2+1,2
264,REMAX TARGET Pınar'dan Yeni Girne Bulvar'da 3+1 Satılık Daire,"Örnekköy Karşıyaka
 İzmir",4.485.000,145,160,3+1,3
265,ŞEMİKLER / ANADOLU CAD./ YENİ BİNA-ARAKAT-OTOPARKLI SATILIK 2+1,"Şemikler Karşıyaka
 İzmir",3.500.000,75,85,2+1,2
266,BAHÇELİEVLER ASANSÖRLÜ DOĞALGAZLI FULL TADİLATLI SATILIK 3+1,"Bahçelievler Karşıyaka
 İzmir",4.500.000,145,160,3+1,3
267,ANADOLU CAD. ARKAS VOLVO ARKASI YENİ BİNA SATILIK 4+1 DUBLEKS,"Cumhuriyet Karşıyaka
 İzmir",6.750.000,160,200,4+1,4
268,DEMİRKÖPRÜ ALTGEÇİT İZBAN YAKINI 3+1 ÜÇ CEPHELİ GENİŞ KÖŞE DAİRE,"Demirköprü Karşıyaka
 İzmir",5.000.000,125,135,3+1,3
269,BOSTANLI MİGROS VE TAKEV ARKASI KÖŞE BİNADA SATILIK DAİRE,"Bostanlı Karşıyaka
 İzmir",4.990.021,125,135,3+1,3
270,Karşıyaka Ata Kent Yalı da Satılık 4+1 Dublex Daire Bahçeli,"Yalı Karşıyaka
 İzmir",4.350.000,125,150,4+1,4
271,Karşıyaka Örnekköy'de 2+1 satılık daire(köşe cephe),"Örnekköy Karşıyaka
 İzmir",2.200.000,68,73,2+1,2
272,Remax Target'tan Karşıyaka Berin Taşan Sokakta 4+1 Satılık Daire,"Bahriye Üçok Karşıyaka
 İzmir",5.950.000,180,200,4+1,4
273,KARŞIYAKA ÇARŞI MERKEZİNDE 1. KAT İŞ YERİNE UYGUN DAİRE,"Donanmacı Karşıyaka
 İzmir",2.000.000,70,85,3+1,3
274,ALAYBEY ÇARŞI SAHİL İZBAN YAKINI SIFIR 3+1 ÖZEL DİZAYN DUBLEKS,"Alaybey Karşıyaka
 İzmir",5.950.000,168,215,3+1,3
275,Acil satılık sıfır 1+1 arakat daire,"Örnekköy Karşıyaka
 İzmir",2.300.000,55,60,1+1,1
276,KARŞIYAKA'NIN KALBİNE TAŞININ ÖNÜ KAPANMAYAN 2+1,"Bahariye Karşıyaka
 İzmir",2.600.000,91,100,2+1,2
277,Satılık Daire,"Nergiz Karşıyaka
 İzmir",2.500.000,115,125,3+1,3
278,Remax Target K.yaka Ordu Bulvarı'nda Deniz Manzara Satılık Daire,"Bahçelievler Karşıyaka
 İzmir",7.000.000,155,170,3+1,3
279,Remax Target'ta Girne Yakını Teraslı Otopark 5+1 Satılık Dubleks,"Bahriye Üçok Karşıyaka
 İzmir",7.200.000,220,240,5+1,5
280,Remax Target'tan Karşıyaka Fikri Altay'da 2+1 Satılık Daire,"Fikri Altay Karşıyaka
 İzmir",3.550.000,90,105,2+1,2
281,Remax Target'tan Karşıyaka Şemikler'de 3+1 Satılık Daire,"Şemikler Karşıyaka
 İzmir",3.100.000,120,130,3+1,3
282,Remax Target'ta Karşıyaka Atakent'te Otoparklı 3+1 Satılık Daire,"Yalı Karşıyaka
 İzmir",6.200.000,120,130,3+1,3
283,Remax Target'ta K.yaka Yalı Mah.Arakat Köşe 3+1 Satılık Daire,"Yalı Karşıyaka
 İzmir",7.200.000,120,130,3+1,3
284,Remax Target'ta Karşıyaka Şemikler'de Balkonlu 1+1 Satılık Daire,"Şemikler Karşıyaka
 İzmir",2.350.000,65,75,1+1,1
285,Remax Target'tan Karşıyaka Ordu Bulvarı'nda 3+1 Satılık Daire,"Bahçelievler Karşıyaka
 İzmir",8.200.000,145,160,3+1,3
286,Remax Target'tan Karşıyaka Bahariye'de Teraslı Satılık Daire,"Bahariye Karşıyaka
 İzmir",3.000.000,90,105,2+1,2
287,Remax Target'ta K.yaka Atakent'te Park Manzara 2+1 Satılık Daire,"Yalı Karşıyaka
 İzmir",3.150.000,90,105,2+1,2
288,Atakent CarrefourYanı Mavi Yeşil Üstü Sahile Y 2+1 Satılık Daire,"Atakent Karşıyaka
 İzmir",5.750.000,100,120,2+1,2
289,KARŞIYAKA'NIN GÖZDE BOLGESİ ORDU BULVARINDA SATILIK 3+1,"Şemikler Karşıyaka
 İzmir",3.350.000,120,135,3+1,3
290,KARŞIYAKA ÖRNEKKÖY'DE FIRSAT SATILIK 3+1 DAİRE,"Zübeyde Hanım Karşıyaka
 İzmir",2.500.000,120,130,8,8
291,ŞEMİKLER'DE FIRSAT SATILIK 4+1 DAİRE,"Şemikler Karşıyaka
 İzmir",7.000.000,280,300,4+1,4
292,İZMİR KARŞIYAKA ÖRNEKKÖYDE SIFIR YÜKSEK GİRİŞ 1+1,"Örnekköy Karşıyaka
 İzmir",1.650.000,60,65,1+1,1
293,BAHÇELİEVLER'DE FIRSAT SATILIK 3+1 DAİRE,"Bahçelievler Karşıyaka
 İzmir",2.800.000,120,130,3+1,3
294,TUNA MAHALLESİN'DE FIRSAT SATILIK 3+1 DAİRE,"Tuna Karşıyaka
 İzmir",2.500.000,120,135,3+1,3
295,ATİLLA İLHAN SOKAKTA YEŞİLLİKLER İÇİNDE KEYİFLİ KLASİK 3+1 DAİRE,"Donanmacı Karşıyaka
 İzmir",3.000.000,110,120,3+1,3
296,KARŞIYAKA ÇARŞI ESHOT SOKAK'TA FIRSAT SATILIK DAİRE,"Tuna Karşıyaka
 İzmir",2.100.000,100,120,4,4
297,ÖRNEKKÖY İMBATLI'DA 2+1 SATILIK FIRSAT DAİRE B-19,"İmbatlı Karşıyaka
 İzmir",2.500.000,83,95,2+1,2
298,Karşıyaka Şemikler Mahallesi'nde Satılık 2+1 Daire,"Şemikler Karşıyaka
 İzmir",3.550.000,70,75,5,5
299,KARŞIYAKA LİSESİ KARŞISI SATILIK 3+1 DUBLEKS DAİRE,"Bahçelievler Karşıyaka
 İzmir",4.350.000,120,170,3+1,3
300,ERA NİVA'DAN BOSTANLI DEMİRKÖPRÜ'DE SATILIK 3+1 DAİRE,"Nergiz Karşıyaka
 İzmir",6.750.000,180,200,3+1,3
301,İzmir Mavişehir Bulvar da Urgancılar Sitesinde SATILIK Dubleks,"Yalı Karşıyaka
 İzmir",24.000.000,330,400,5+1,5
302,Bahriye Üçok Bulvarı Üzerinde 3+1 Satılık Daire,"Bahriye Üçok Karşıyaka
 İzmir",2.600.000,95,105,3+1,3
303,NERGİZ DE FIRSAT SATILIK 3+1 DAİRE,"Goncalar Karşıyaka
 İzmir",4.200.000,140,150,0 TL (aylık),0
304,COLDWELL BANKER STORM DAN AKSOY DA SATILIK 3+1 DAIRE,"Aksoy Karşıyaka
 İzmir",3.500.000,136,150,3+1,3
305,İZMİR KARŞIYAKDA SATILIK LÜKS DUBLEKS,"Aksoy Karşıyaka
 İzmir",12.000.000,230,295,5+2,5
306,BOSTANLIDA MİGROSA YAKIN 3+1 BAKIMLI LÜKS 2. KAT,"Bostanlı Karşıyaka
 İzmir",4.575.000,125,135,3+1,3
307,Yalı Mahallesinde Satılık Süper Lüks 2+1 Dubleks Daire,"Yalı Karşıyaka
 İzmir",3.850.000,60,75,2+1,2
308,"ÖRNEKKÖY'DE PARK CEPHELİ, EBEVEYN BANYOLU SATILIK 2+1","Örnekköy Karşıyaka
 İzmir",2.400.000,70,80,2+1,2
309,KARŞIYAKA ÖRNEKKÖY MAH.' DE SATILIK 2+1 DAİRE,"Örnekköy Karşıyaka
 İzmir",2.695.000,90,110,2+1,2
310,Yalı Mahallesinde Yerden Isıtmalı Ara Kat Satılık Lüks 1+1 Daire,"Yalı Karşıyaka
 İzmir",2.950.000,38,43,1+1,1
311,ÇEVREYOLU YAKINI 2+1 AÇIK MUTFAKLI ÇİFT CEPHELİ SIFIR DAİRE,"Latife Hanım Karşıyaka
 İzmir",2.500.000,70,78,2+1,2
312,ÖRNEKKÖY'DE MEDİCAL POINT'E YAKIN 5 YILLIK 1+1 DAİRE B-3,"İmbatlı Karşıyaka
 İzmir",2.150.000,45,60,1+1,1
313,MERKEZİ KONUMDA REZİDANS KONSEPTİNDE SATILIK 3+1 DAİRE,"İmbatlı Karşıyaka
 İzmir",5.500.000,130,145,3+1,3
314,ŞEMİKLER İZBANA YAKIN GENİŞ BAHÇELİ 2+1 SATILIK DAİRE,"Şemikler Karşıyaka
 İzmir",2.150.000,80,110,2+1,2
315,YALI ATAKENT'DE YENİ BİNADA SATILIK 2+1 DUBLEKS DAİRE,"Yalı Karşıyaka
 İzmir",4.950.000,105,115,2+1,2
316,YALI MAHALLESİNDE İZBANA 1 DAKİKA MESAFEDE 2+1 SATILIK DAİRE,"Yalı Karşıyaka
 İzmir",3.395.000,75,85,2+1,2
317,KARŞIYAKA DEMİRKÖPRÜ PARK MANZARALI KÖŞE KONUM SATILIK 3+1,"Demirköprü Karşıyaka
 İzmir",2.825.000,110,125,3+1,3
318,Bahçelievler Mahallesi & Muhteşem Lokasyon& 3 Oda 1 Salon,"Bahçelievler Karşıyaka
 İzmir",2.690.000,95,125,3+1,3
319,ÇARŞI İÇERİSİNDE 2+1 DUBLEKS DAİRE,"Donanmacı Karşıyaka
 İzmir",3.488.000,80,90,2+1,2
320,KARŞIYAKA BAHÇELİEVLER ZÜBEYDE HANIM CADDESİ SATILIK 3+1 DAİRE,"Bahçelievler Karşıyaka
 İzmir",2.350.000,105,130,3+1,3
321,KARŞIYAKA DEMİRKÖPRÜ MH ORDU BLV YAKIN 2+1 YENİ DAİRE,"Demirköprü Karşıyaka
 İzmir",4.500.000,80,90,2+1,2
322,"Atakent YALI MAHALLESİN'de (Asansörlü,D.Gazlı) SATILIK 2+1 DAİRE","Yalı Karşıyaka
 İzmir",3.500.000,88,100,2+1,2
323,KARŞIYAKA BAHRİYE ÜÇOK İZBANA VE ÇARŞIYA YAKIN SATILIK 3+1 DAİRE,"Bahriye Üçok Karşıyaka
 İzmir",3.000.000,102,125,3+1,3
324,MAVİŞEHİR EGEPARK YANI ÖNÜ AÇIK DENİZ GÖRÜR SATILIK 3+1 DAİRE,"Mavişehir Karşıyaka
 İzmir",8.000.000,136,169,3+1,3
325,KARŞIYAKA 'NIN KALBİNDE KİRACISIZ 2+1 DAİRE FIRSATI,"Bahriye Üçok Karşıyaka
 İzmir",5.195.000,75,90,2+1,2
326,İZMİRİN KEYFİNİ SÜRÜN VE HAYATI LÜKS YAŞAYIN VARYANT PLUS'TA,"Mustafa Kemal Karşıyaka
 İzmir",8.450.000,92,101,2+1,2
327,İzmir Karşıyaka telli Bahçede Satılık 3+1 Lüx Dublex Daire,"Şemikler Karşıyaka
 İzmir",4.950.000,138,160,3+1,3
328,KARŞIYAKA FİKRİ ALTAY MAHALLESİ 3+1 FULL BAKIMLI,"Fikri Altay Karşıyaka
 İzmir",2.990.000,140,160,3+1,3
329,KARŞIYAKA DEMİRKÖPRÜ DE İZBANA ÇOK YAKIN 1+1 KÖŞE DAİRE,"Aksoy Karşıyaka
 İzmir",2.700.000,60,70,1+1,1
330,KARŞIYAKA DEMİRKÖPRÜ DE ORDU BLV YAKIN 1+1 KÖŞE DAİRE,"Demirköprü Karşıyaka
 İzmir",3.000.000,60,70,1+1,1
331,Karşıyaka Şemikler'de Sıfır binada 1+1 daire,"Şemikler Karşıyaka
 İzmir",1.850.000,46,53,1+1,1
332,KARŞIYAKA ANADOLU CADDESİ ÜZERİNDE YATIRIMLIK 1+1 KÖŞE DAİRE,"İmbatlı Karşıyaka
 İzmir",2.600.000,45,60,Evet,E
333,KARŞIYAKA GRAND CORNER PROJESİ'NDE SATILIK 1+1 DAİRE,"İmbatlı Karşıyaka
 İzmir",2.300.000,45,60,Evet,E
334,BOSTANLI MAHALLESİNDE SAĞLIK OCAĞINA ÇOK YAKIN FULL TADİLATLI,"Bostanlı Karşıyaka
 İzmir",4.900.000,115,130,3+1,3
335,ANADOLU CADDESİ ÜZERİNDE SATILIK 1+1 SIFIR DAİRE,"İmbatlı Karşıyaka
 İzmir",2.400.000,45,60,Evet,E
336,AKSOY MH ORMAN BÖLGE MÜDÜRLÜĞÜ YAKININDA 3+1 KOMPLE TADİLATLI,"Aksoy Karşıyaka
 İzmir",4.500.000,120,130,3+1,3
337,OTURUMA HAZIR DOĞALGAZLI SIFIR 2+1 DAİRE,"Latife Hanım Karşıyaka
 İzmir",2.000.000,70,78,2+1,2
338,KARŞIYAKA LATİFE HN. KÖŞKÜNE YAKIN 3+1 KÖŞE 2. KAT AYDINLIK,"Bahriye Üçok Karşıyaka
 İzmir",5.200.000,115,125,3+1,3
339,Karşıyaka AKSOY Merkez'de (D.Kombili)SATILIK 2+1 DAİRE,"Aksoy Karşıyaka
 İzmir",2.250.000,75,90,2+1,2
340,"BOSTANLI VİLLALARDA GENİŞ,ARAKAT ASANSÖRLÜ ,OTOPARKLI 3+1 DAİRE","Bostanlı Karşıyaka
 İzmir",4.650.000,145,160,3+1,3
341,"KARŞIYAKA GİRNE BULVARI, SATILIK 4+1 BAHÇELİ DUBLEKS(EV-İŞ YERİ)","Bahriye Üçok Karşıyaka
 İzmir",3.650.000,160,200,4+1,4
342,KARŞIYAKA Demirköprüde 3+1 150m2 3+1 Lüks Daire,"Demirköprü Karşıyaka
 İzmir",5.950.000,150,170,3+1,3
343,METİN TUÇ SATIYOR Folkart Yakını 0.99 Krediye Uygun 2+1 Daire,"Örnekköy Karşıyaka
 İzmir",3.745.000,80,96,2+1,2
344,MERKEZİ KONUMDA 2+1 AÇIK MUTFAKLI SIFIR LÜKS DAİRE,"Örnekköy Karşıyaka
 İzmir",2.400.000,63,72,2+1,2
345,BOSTANLI DA GENİŞ KÖŞE FERAH DAİRE ASANSÖRLÜ BİNADA,"Bostanlı Karşıyaka
 İzmir",5.000.000,120,140,3+1,3
346,Karşıyaka Aksoy'da 3+1 Satılık Daire,"Aksoy Karşıyaka
 İzmir",3.400.000,165,170,3+1,3
347,ŞEMİKLER'DE SATILIK ULTRA LÜKS 4+1 DUBLEKS DAİRE,"Şemikler Karşıyaka
 İzmir",4.400.000,140,150,4+1,4
348,Karşıyaka Nergiz'de Satılık 3+1 Köşe Konumlu Daire,"Nergiz Karşıyaka
 İzmir",3.350.000,125,130,3+1,3
349,KARŞIYAKA BOSTANLI ŞEHİTLER BULVARI ÜZERİNDE 2+1 DAİRE,"Bostanlı Karşıyaka
 İzmir",2.830.000,75,85,2+1,2
350,Karşıyaka Aksoy'da Satılık 2+1 Daire,"Aksoy Karşıyaka
 İzmir",2.250.000,75,85,2+1,2
351,Mavişehir pamukkale' lerde satılık 3+1 köşe daire,"Mavişehir Karşıyaka
 İzmir",6.200.000,135,154,3+1,3
352,Karşıyaka Mustafa Kemal Mahallesi'nde Satılık 3+1 Daire,"Mustafa Kemal Karşıyaka
 İzmir",4.600.000,140,160,3+1,3
353,KARŞIYAKA ŞEMİKLER MH 2+1 LÜKS DAİRE,"Şemikler Karşıyaka
 İzmir",4.800.000,75,100,2+1,2
354,Karşıyaka Şemikler Mahallesinde Satılık 2+1 Lüx Daire,"Şemikler Karşıyaka
 İzmir",2.750.000,85,105,2+1,2
355,KARŞIYAKA AKSOY GİRNE CADDESİNDE SAHİL YAKINI SATLIK 2+1,"Aksoy Karşıyaka
 İzmir",3.500.000,80,85,2+1,2
356,Fidem'den Zübeyde Hanım Mahallesinde Full Tadilatlı Bahçeli 3+1,"Zübeyde Hanım Karşıyaka
 İzmir",2.085.000,125,130,3+1,3
357,İZMİR KARŞIYAKA DA SATILIK DAİRE,"Şemikler Karşıyaka
 İzmir",2.250.000,85,95,2+1,2
358,KARŞIYAKA GONCALAR MAHALLESİ'NDE 2+1SATILIK DAİRE,"Dedebaşı Karşıyaka
 İzmir",3.400.000,80,90,2+1,2
359,YENİ GİRNE YAKINI ÇİFT CEPHELİ ARA KAT GENİŞ 2+1,"Örnekköy Karşıyaka
 İzmir",2.550.000,84,90,2+1,2
360,MERT EVRENSAY-SOYAK OPTIMUS 1+1SATILIK MUHTEŞEM MANZARALI DAİRe,"Yalı Karşıyaka
 İzmir",3.550.000,40,60,1+1,1
361,KARŞIYAKA BAHARİYE ÇİFT CEPHE DOĞALGAZ SATILIK 3+1 FIRSAT DAİRE,"Bahariye Karşıyaka
 İzmir",2.400.000,127,140,3+1,3
362,GÜLTEKİN İNŞAAT YAPIMI YENİ GİRNE BULVARINDA 3+1 SATILIK DAİRE,"Örnekköy Karşıyaka
 İzmir",4.300.000,120,140,3+1,3
363,ÇINAR EMLAKTAN SAHİL ARKA SOKAĞINDA 2+1 AMERİCAN MUTFAK DAİRE,"Donanmacı Karşıyaka
 İzmir",1.950.000,64,72,2+1,2
364,YUNUSLAR YAKINI CADDE ÜSTÜ PARK MANZARALI KÖŞE 3+1 DAİRE,"Bostanlı Karşıyaka
 İzmir",3.600.000,115,125,3+1,3
365,KARŞIYAKA SAHİLDE 2+1 70 M2 ULTRA LÜX SATILIK DAİRE,"Donanmacı Karşıyaka
 İzmir",1.950.000,62,70,2+1,2
366,KARŞIYAKA ÇARŞIDA 3+1 ÜÇÜNCÜ ARAKAT KÖŞE DAİRE.,"Tuna Karşıyaka
 İzmir",2.580.000,108,120,3+1,3
367,"ÖRNEKKÖY'DE PARK CEPHELİ, EBEVEYN BANYOLU SATILIK 2+1","Örnekköy Karşıyaka
 İzmir",2.400.000,70,80,8,8
368,NERGİZ'DE SICAK ATMOSFERLİ 3+1 EŞYALI SATILIK DAİRE !!,"Nergiz Karşıyaka
 İzmir",3.400.000,130,140,3+1,3
369,MAVİŞEHİR DOĞA KOLEJİ CİVARI 3+1 SATILIK DAİRE,"Yalı Karşıyaka
 İzmir",8.000.000,120,130,3+1,3
370,Pamukkale 8 Boş D Deniz Egepark Mavibahçe C 3+1 Satılık Daire,"Mavişehir Karşıyaka
 İzmir",6.990.000,152,172,3+1,3
371,Karşıyaka Medikal Yakını 2+1 Kapalı Mutfak Satılık Daire,"Örnekköy Karşıyaka
 İzmir",2.745.000,90,100,2+1,2
372,Bostanlı Reci's Dereboyu Sokakta MÜKEMMEL 3+1 Satılık Daire,"Bostanlı Karşıyaka
 İzmir",10.750.000,130,150,3+1,3
373,"BAHARİYE'de, Çift Cephe, Çift Balkonlu, Arakat, Geniş 2+1","Bahariye Karşıyaka
 İzmir",2.000.000,80,95,2+1,2
374,YENİ BİNA İZBAN YAKINI SATILIK 2+1,"Yalı Karşıyaka
 İzmir",3.000.000,80,90,5,5
375,MAVİŞEHİR FLAMİNGO SİTESİ'NDE DENİZ CEPHELİ SATILIK 3+1 DAİRE,"Mavişehir Karşıyaka
 İzmir",7.900.000,164,183,3+1,3
376,Karşıyaka Dedebaşında Satılık Doğalgazlı 2+1 Daire,"Dedebaşı Karşıyaka
 İzmir",2.850.000,85,90,2+1,2
377,İZMİR BOSTANLI SATILIK 3+1 DAİRE,"Bostanlı Karşıyaka
 İzmir",3.950.000,130,140,3+1,3
378,İZBANA YÜRÜME MESAFESİNDE KAPALI MUTFAK ARAKAT 2+1 SATILIK DAİRE,"Dedebaşı Karşıyaka
 İzmir",2.800.000,90,100,2+1,2
379,Karşıyaka Starbucks Sk Sahile Yakın Fırsat 2+1 Satıllık Daire,"Donanmacı Karşıyaka
 İzmir",1.881.000,95,115,2+1,2
380,"BAHARİYE'de, Çift Cephe, Çift Balkonlu, Arakat, Geniş 2+1","Bahariye Karşıyaka
 İzmir",2.150.000,85,100,2+1,2
381,KARŞIYAKA YALI MAH. FULL EŞYALI LÜKS 3+1 DAİRE F-4,"Yalı Karşıyaka
 İzmir",4.480.000,87,98,3+1,3
382,ATAKENT 4+1 TERASLI YENİ DUBLEKS DAİRE,"Atakent Karşıyaka
 İzmir",12.000.000,165,175,4+1,4
383,KARŞIYAKA GİRNE VE VATAN BİLGİSAYARA YAKIN 2+1 LÜX,"Bahriye Üçok Karşıyaka
 İzmir",4.000.000,90,110,2+1,2
384,Karşıyaka Bahçelievlerde Merkezi Konumda Satılık 2+1,"Bahçelievler Karşıyaka
 İzmir",2.200.000,70,80,2+1,2
385,KARŞIYAKA GİRNE VATAN BİLGİSAYARA YAKIN 1+1 SIFIR DAİRE,"Goncalar Karşıyaka
 İzmir",3.000.000,55,60,1+1,1
386,MAVİŞEHİR SOYAK A ETAPDA GENİŞ 3+1 HAVUZ CEPHELİ 15.ARAKAT,"Yalı Karşıyaka
 İzmir",8.250.000,134,154,3+1,3
387,ŞEMİKLER MEYDANA YAKIN 2+1 SATILIK DAİRE,"Yalı Karşıyaka
 İzmir",3.250.000,80,90,2+1,2
388,DONANMACI MAHALLESİ'NDE HARİKA KONUMDA 3+1 SATILIK DAİRE,"Donanmacı Karşıyaka
 İzmir",2.250.000,125,130,3+1,3
389,ÖRNEKKÖY MAHALLESİNDE 1+1 SATILIK DAİRE,"Örnekköy Karşıyaka
 İzmir",2.100.000,48,60,1+1,1
390,MAVİŞEHİR SELÇUK SİTESİ SAHİLE TRAMVAYA YAKIN SATILIK 1+1 DAİRE,"Mavişehir Karşıyaka
 İzmir",3.500.000,57,70,1+1,1
391,KARŞIYAKA ÖRNEKKÖY AY PARKA YAKIN 3+1 ARAKAT ÖNÜ AÇIK FERAH,"Örnekköy Karşıyaka
 İzmir",3.750.000,115,125,3+1,3
392,Karşıyaka Tersane Mahallesi 'nde Satılık 3+1 Daire,"Tersane Karşıyaka
 İzmir",3.150.000,115,127,3+1,3
393,KARŞIYAKA ŞEMİKLER'DE 3.5+1 ULTRA LUKS EŞYALI DUBLEKS DAİRE,"Şemikler Karşıyaka
 İzmir",8.500.000,138,148,3+1,3
394,Turyap'dan Bostanlı'da Satılık 2+1 Kapalı Mutfak Daire,"Bostanlı Karşıyaka
 İzmir",3.300.000,80,95,2+1,2
395,ÖRNEKKÖY'DE KAPALI MUTFAK SATILIK 3+1 DAİRE,"Örnekköy Karşıyaka
 İzmir",2.350.000,120,140,3+1,3
396,BOSTANLI EMLAK BANKASI KONUTLARINDA FULL TADİLATLI SATILIK DAİRE,"Atakent Karşıyaka
 İzmir",6.990.000,120,135,3+1,3
397,NERGİZDE İZBANA VE SAHİLE YAKIN KONUMDA SATILIK 3+1 DAİRE,"Goncalar Karşıyaka
 İzmir",2.070.000,115,125,3+1,3
398,KARŞIYAKA GONCALAR'DA YENİ BİNADA 2+1 FERAH SATILIK DAİRE,"Goncalar Karşıyaka
 İzmir",3.250.000,98,105,2+1,2
399,KARŞIYAKA LATİFE HANIM CADDESİNDE FULL YAPILI SATILIK 3+1 DAİRE,"Bahriye Üçok Karşıyaka
 İzmir",3.400.000,110,130,3+1,3
400,Mavişehir Pamukkale-3 Bloklarında Satılık Tadilatlı 3+1 Daire.,"Mavişehir Karşıyaka
 İzmir",6.300.000,150,166,3+1,3
401,Turpa Aksoy'dan/Bostanlı'da Otoparklı Sıfır 3+1,"Bostanlı Karşıyaka
 İzmir",6.750.000,120,130,3+1,3
402,Turpa Aksoy'dan/Full Tadilat'lı Asansörlü 3+1,"Bostanlı Karşıyaka
 İzmir",4.900.000,120,125,3+1,3
403,Turpa Aksoy/Alaybey Çarşı Karşıyaka Çarşı Arasında 4 Yaş 2+1,"Alaybey Karşıyaka
 İzmir",3.275.000,69,70,2+1,2
404,Turpa Aksoy/Yönetmeliğe Uygun 2005 Yapımı Karanlık Odası Yok 3+1,"Aksoy Karşıyaka
 İzmir",4.950.000,120,135,3+1,3
405,Karşıyaka Ordu bulvarı üzeri 3+1 160 m2 Satılık Daire,"Bahçelievler Karşıyaka
 İzmir",5.000.000,160,170,3+1,3
406,KARŞIYAKA ŞEMİKLER DE SATILIK 2+1 DUBLEKS DAİRE,"Şemikler Karşıyaka
 İzmir",3.700.000,128,140,2+1,2
407,KARŞIYAKA AŞIK VEYSEL SOK. 3+1 SATILIK DAİRE,"Bostanlı Karşıyaka
 İzmir",6.375.000,110,120,3+1,3
408,Karşıyaka ata Kent Yalı da Satılık 3+1 Lüx daire,"Yalı Karşıyaka
 İzmir",4.975.000,120,135,3+1,3
409,ÇEVREYOLU YAKINI 2+1 DOĞALGAZLI SIFIR DAİRE,"Latife Hanım Karşıyaka
 İzmir",2.000.000,70,80,2+1,2
410,Karşıyaka da Satılık 2+1 daire,"İmbatlı Karşıyaka
 İzmir",3.500.000,85,110,6,6
411,Karşıyaka BAHARİYE'de(sahile Yürüyüş Mesafesi) SATILIK 2+1 DAİRE,"Bahariye Karşıyaka
 İzmir",2.600.000,90,100,2+1,2
412,Turpa Aksoy'dan/Bostanlı'da Otoparlı Full Tadilatlı,"Bostanlı Karşıyaka
 İzmir",4.900.000,120,125,3+1,3
413,Turpa Aksoy/AksoyFidanlık Karşısı YATIRIMA UYGUN KÖŞE BİNADA 3+1,"Aksoy Karşıyaka
 İzmir",2.450.000,120,125,3+1,3
414,Turpa Aksoy'dan/Aksoy'da Full Tadilatlı 3+1 Geniş Daire,"Aksoy Karşıyaka
 İzmir",4.000.000,120,130,3+1,3
415,Turpa Aksoy'dan/Full Tadilatlı 3+1 Daire,"Aksoy Karşıyaka
 İzmir",4.300.000,120,125,3+1,3
416,Turpa Aksoy'dan/Aksoy'un Kalbinde Full Tadilatlı 3+1,"Aksoy Karşıyaka
 İzmir",3.300.000,105,125,3+1,3
417,Bostanlı Yalı Mahallesin'de Satılık 2+1 Daire,"Yalı Karşıyaka
 İzmir",2.600.000,105,115,2+1,2
418,MERKEZİ KONUMLU GENİŞ 3+1 LÜKS ARA KAT,"Şemikler Karşıyaka
 İzmir",3.600.000,115,125,3+1,3
419,Karşıyaka Donanmacı'da Satılık Daire,"Donanmacı Karşıyaka
 İzmir",3.650.000,130,149,3+1,3
420,Karşıyaka Çarşı Merkezi Konum 3+1 Satılık,"Donanmacı Karşıyaka
 İzmir",4.000.000,105,120,3+1,3
421,KARŞIYAKA SOYAK MAVİŞEHİR A SİTESİ HİLTOWN YANI SATILIK 1+1DAİRE,"Mavişehir Karşıyaka
 İzmir",4.500.000,50,64,1+1,1
422,Karşıyaka Alaybey'de Satılık 3+1 Daire,"Alaybey Karşıyaka
 İzmir",2.500.000,120,130,3+1,3
423,Mavişehir Soyak A Bölgesi Satılık 2+1 Geniş Daire,"Yalı Karşıyaka
 İzmir",6.500.000,90,104,2+1,2
424,İzmir Karşıyaka Ata Kent Yalı da Satılık 3+1 Lüx Daire,"Yalı Karşıyaka
 İzmir",6.500.000,125,145,3+1,3
425,İzmir Karşıyaka Yalı Mahallesinde Satılık 3+1 Köşe Daire,"Yalı Karşıyaka
 İzmir",5.598.000,130,140,3+1,3
426,İZMİR KARŞIYAKADA SATILIK DAİRE,"Goncalar Karşıyaka
 İzmir",4.650.000,165,175,3+1,3
427,** LÜKS DUBLEKS BAHRİYE ÜÇOK TA (3+1) 40 M2 TERASLI **,"Bahriye Üçok Karşıyaka
 İzmir",9.250.000,130,150,3+1,3
428,KARŞIYAKA WEST KORDELİON PROJESİNDE ELDEN TAKSİT İLE SATILIK 3+1,"Örnekköy Karşıyaka
 İzmir",2.300.000,110,145,3+1,3
429,Bostanlı Atakent Emlak Bankası Evlerinde Satılık 3+1,"Atakent Karşıyaka
 İzmir",6.900.000,125,135,3+1,3
430,AKSOY SAHİLE 1 DAKİKA KEYİFLE YAŞAYACAĞINIZ 3+1 SATILIK DAİRE,"Aksoy Karşıyaka
 İzmir",3.195.000,125,140,3+1,3
431,KARŞIYAKA AKSOY CADDE ÜZERİNDE FULL TADİLATLI SATILIK 3+1 DAİRE,"Aksoy Karşıyaka
 İzmir",4.500.000,140,150,3+1,3
432,Karşıyaka Dedebaşı Doğalgazlı Satılık 2+1 Daire,"Dedebaşı Karşıyaka
 İzmir",3.250.000,77,88,2+1,2
433,KARŞIYAKA_İMBATLI_MH._MEDİCAL_POİNT_YAKINI_80 M²_AÇIK_MUTFAK_2+1,"İmbatlı Karşıyaka
 İzmir",3.150.000,70,80,2+1,2
434,"KARŞIYAKA GİRNE BULVARINDA SAHİLE 200M GENİŞ, 2+1 SATILIK DAİRE","Aksoy Karşıyaka
 İzmir",2.980.000,90,105,2+1,2
435,"BOSTANLI'DA GİRNE BULVARI YAKINI, PARK CEPHELİ, 5.KAT SATILIK","Bostanlı Karşıyaka
 İzmir",3.400.000,110,123,3+1,3
436,"BOSTANLI SAHİLE YAKIN 2,5+1 ARAKAT DAİRE","Bostanlı Karşıyaka
 İzmir",6.150.000,80,100,2+1,2
437,Re/Max Target'ten Zübeyde Hanım Mahallesi'nde 3+1 satılık daire,"Zübeyde Hanım Karşıyaka
 İzmir",4.100.000,130,140,3+1,3
438,Karşıyaka Girne Bulvarı Yakını Park Manzaralı 3+1 Satılık Daire,"Bahçelievler Karşıyaka
 İzmir",3.750.000,113,131,3+1,3
439,Remax Target Yavuz'dan Selçuk Bloklarında Satılık Tadilatlı 3+1,"Mavişehir Karşıyaka
 İzmir",6.250.000,157,200,3+1,3
440,Bostanlı Gode Cengiz ve İZBAN'a çok yakın tadilatlı 3+1.,"Bostanlı Karşıyaka
 İzmir",3.350.000,115,130,3+1,3
441,"KARŞIYAKA MERKEZ , BAHARİYE MAHALLESİ 3+1 SATILIK DAİRE","Bahariye Karşıyaka
 İzmir",1.975.000,100,110,3+1,3
442,ANADOLU CAD YAKINI SIFIR YATIRIMLIK DUBLEKS LÜKS SATILIK 3+1,"Dedebaşı Karşıyaka
 İzmir",3.490.000,110,128,3+1,3
443,KENT YAPI GAYRİMENKUL DEN FULL TADİLATLI SATILIK 3+1 GENİŞ DAİRE,"Yalı Karşıyaka
 İzmir",5.800.000,155,165,3+1,3
444,NERGİZDE İZBAN VE BULVAR YAKINI SATILIK GENİŞ LÜX 2+1 DAİRE,"Nergiz Karşıyaka
 İzmir",3.750.000,115,128,2+1,2
445,Kent Yapı Gayrimenkul Karşıyaka Şemikler Teraslı 4+1 Satılık,"Şemikler Karşıyaka
 İzmir",4.750.000,220,250,4+1,4
446,Mavişehir Pamukkale Bloklarında 1+1,"Mavişehir Karşıyaka
 İzmir",3.350.000,73,90,1+1,1
447,"Karşıyaka Girne Bulvarı Yakını Geniş, Ferah 3+1 Satılık Daire","Bahçelievler Karşıyaka
 İzmir",4.250.000,140,150,3+1,3
448,"Satılık Daire, 3+1, D.Gazlı, Park Cepheli, Ara Kat, Çakırdan","Goncalar Karşıyaka
 İzmir",3.750.000,120,130,3+1,3
449,Karşıyaka Mavişehir'de Satılık Daire,"Mavişehir Karşıyaka
 İzmir",5.500.000,55,68,1+1,1
450,Karşıyaka Bahçelievler'de Merkezi Köşe Konumda Satılık 3+1 Daire,"Bahçelievler Karşıyaka
 İzmir",3.500.000,120,135,3+1,3
451,BOSTANLI'DA İZBAN VE SAHİL YAKINI SATILIK 3+1 DAİRE,"Bostanlı Karşıyaka
 İzmir",2.500.000,115,125,3+1,3
452,YALI MAH. PAZARYERİ YANI MERKEZİ KONUM SATILIK ARAKAT 3+1 DAİRE.,"Yalı Karşıyaka
 İzmir",2.575.000,105,120,3+1,3
453,Karşıyaka Şemikler'de Satılık Daire,"Şemikler Karşıyaka
 İzmir",2.325.000,60,70,2+1,2
454,Karşıyaka Yalı'da Satılık Sıfır DUBLEX DAİRE.,"Yalı Karşıyaka
 İzmir",10.500.000,200,240,5+1,5
455,KARŞIYAKA ŞEMİKLER İZBAN VE ANADOLU CAD.YAKINI 3+1 SATILIK DAİRE,"Şemikler Karşıyaka
 İzmir",2.875.000,100,115,3+1,3
456,Karşıyaka Demirköprünün En Güzel Lokasyonunda Satılık2+1 Daire,"Demirköprü Karşıyaka
 İzmir",2.850.000,80,90,2+1,2
457,Şemiklerde Merkezi Konumda 3+1 Avantajlı Satılık Daire,"Şemikler Karşıyaka
 İzmir",3.500.000,125,135,3+1,3
458,KARŞIYAKA TERSANE MAH. DENİZE YAKIN NET 125 M2 SATILIK DAİRE,"Tersane Karşıyaka
 İzmir",4.200.000,125,135,3+1,3
459,Karşıyaka Dedebaşı'da Satılık 1+1 yüksek giriş Daire,"Dedebaşı Karşıyaka
 İzmir",2.475.000,50,55,1+1,1
460,SEVİM BARULAY SOKAKTA SATILIK 3+1 DAİRE,"Bahçelievler Karşıyaka
 İzmir",3.000.000,120,135,3+1,3
461,Karşıyaka Atakent'te Satılık 2+1 Daire.,"Atakent Karşıyaka
 İzmir",2.975.000,90,105,2+1,2
462,İmbatlı'da 2+1 Ebeveyn Banyolu Satılık Daire,"İmbatlı Karşıyaka
 İzmir",2.900.000,80,90,2+1,2
463,SATILIK DAİRE 2+1 ordu caddesi üzeri ARA KAT,"Dedebaşı Karşıyaka
 İzmir",3.000.000,100,105,2+1,2
464,ASKAR'DAN 7+1 DUBLEKS RUHSATA İŞLİ AKILLI EV MÜKEMMEL KONUM,"Bahariye Karşıyaka
 İzmir",9.000.000,250,270,7+1,7
465,ASKAR GAYRİMENKUL'DEN 65 ADET FORE KAZIKLI 3+1 ARAKAT A PLUS K.M,"Bahçelievler Karşıyaka
 İzmir",5.100.000,110,120,3+1,3
466,Karşıyaka Arabacılar Soğakında Full Tadilatlı Satılık Arakat 3+1,"Tuna Karşıyaka
 İzmir",3.850.000,140,160,3+1,3
467,ASKAR GAYRİMENKUL'DEN 3+1 K.MUTFAK EBEVEYN BANYOLU ARAKAT KÖŞE,"Bahariye Karşıyaka
 İzmir",6.000.000,125,135,3+1,3
468,ASKAR'DAN ÖZEL TASARIM FULL TADİLATLI KAT AVANTAJLI DOGALGAZLI,"Bahçelievler Karşıyaka
 İzmir",4.250.000,125,130,3+1,3
469,GİRNE BULVARINA 30m MESAFEDE SATILIK 2+1 SIFIR DAİRE,"Goncalar Karşıyaka
 İzmir",5.100.000,80,85,2+1,2
470,AKSOY RESADİYE DE SATILIK YUKSEK GIRIS 3+1,"Aksoy Karşıyaka
 İzmir",2.100.000,100,110,3+1,3
471,Nergiz Emniyet Müdür.Arkası Yeni Binada Arakat Satılık 3+1 Daire,"Dedebaşı Karşıyaka
 İzmir",2.900.000,120,140,3+1,3
472,Atatürk Bulvarı Üzeri Asansörlü Bakımlı Arakat Satılık 3+1 Daire,"Bahriye Üçok Karşıyaka
 İzmir",2.950.000,125,140,3+1,3
473,Aksoy'da Merkezi Konumda Üç Cepheli Tadilatlı 150mt Satılık 3+1,"Aksoy Karşıyaka
 İzmir",3.500.000,150,165,3+1,3
474,Naldöken İzban Cepheli Asansörlü Arakat Satılık 3+1 Daire,"Tersane Karşıyaka
 İzmir",2.750.000,120,130,3+1,3
475,Günsazak Bul.Üzeri Tadilatlı Asansörlü Arakat Satılık 3+1 Daire,"Bahçelievler Karşıyaka
 İzmir",5.000.000,140,150,3+1,3
476,Yeni Girne Pazar Yeri Yakını Yeni Binada Arakat Satılık 3+1Daire,"Örnekköy Karşıyaka
 İzmir",3.650.000,140,165,3+1,3
477,Şemikler Tellibahçe'de Teraslı 3+1 Dubleks Satılık Daire,"Şemikler Karşıyaka
 İzmir",3.600.000,160,180,3+1,3
478,RENA'dan KARŞIYAKA ÖRNEKKÖY de SATILIK LÜX DAİRE,"Örnekköy Karşıyaka
 İzmir",4.500.000,115,140,2+1,2
479,"Satılık Daire, 3+1, D.Gazlı, Ebeveyn Banyolu, Dedebaşında","Dedebaşı Karşıyaka
 İzmir",3.850.000,120,130,3+1,3
480,K.Yaka Çarşı Ve İzban Yakını Arakat Satılık Tadilatlı 3+1 Daire,"Donanmacı Karşıyaka
 İzmir",2.400.000,130,155,3+1,3
481,"Satılık Daire, 2+1, D.Gazlı, Ara Kat, Örnekköyde, Çakırdan","Örnekköy Karşıyaka
 İzmir",2.750.000,79,90,2+1,2
482,Alaybey Tramvay Caddesi Üzeri Sahile Paralel Sokakta Satılık 3+1,"Alaybey Karşıyaka
 İzmir",2.500.000,120,152,3+1,3
483,Bahçelievler Otobüs Son Durakları Cepheli Zemin Kat Satılık 3+1,"Bahçelievler Karşıyaka
 İzmir",2.100.000,120,130,3+1,3
484,"Satılık Daire, 2+1, D.Gazlı, Ara Kat, Dedebaşında, Çakırdan","Dedebaşı Karşıyaka
 İzmir",4.000.000,90,96,2+1,2
485,BOSTANLI'NIN EN İYİ MANZARASINA SAHİP SATILIK 3+1 YALI DAİRESİ.,"Bostanlı Karşıyaka
 İzmir",13.500.000,150,170,3+1,3
486,BOSTANLI MİGROS VE TAKEV YAKINI 3+1 SATILIK DAİRE,"Bostanlı Karşıyaka
 İzmir",2.900.000,90,105,3+1,3
487,EKEN EMLAK'TAN K.YAKA ÖRNEKKÖY DE 3+1 DAİRE,"Örnekköy Karşıyaka
 İzmir",3.500.000,110,140,3+1,3
488,ASLAN'DAN YENİ GİRNE YAKINI 3+1 / 140m2 SATILIK DUBLEKS DAİRE,"Örnekköy Karşıyaka
 İzmir",4.200.000,140,160,3+1,3
489,"ASLAN'DAN ÇİFT TERAS,ÇİFT BALKON 4+1 / 200m2 SATILIK DUBLEKS","Örnekköy Karşıyaka
 İzmir",5.250.000,195,210,4+1,4
490,ASLAN'DAN KARŞIYAKA ALAYBEY MERKEZ'DE 1+1 SATILIK DAİRE,"Bahariye Karşıyaka
 İzmir",2.650.000,50,60,1+1,1
491,ASLAN'DAN ALAYBEY MERKEZDE MİGROS YAKINI YERDEN ISITMALI 2+1,"Bahariye Karşıyaka
 İzmir",3.850.000,90,98,2+1,2
492,"ASLAN'DAN YENİ GİRNE CADDESİ YAKINI,E.BANYOLU 2+1 SATILIK DAİRE","Örnekköy Karşıyaka
 İzmir",3.050.000,85,95,2+1,2
493,Aslan dan SATILIK DUBLEKS,"Örnekköy Karşıyaka
 İzmir",3.950.000,130,160,3+1,3
494,"ASLAN'DAN MEDİCALPOINT ARKASI, ANADOLU CADDESİ YANI SATILIK 3+1","İmbatlı Karşıyaka
 İzmir",3.150.000,110,125,3+1,3
495,ASLAN'DAN ORDU CADDESİ YANI GENİŞ 2+1 SATILIK DAİRE,"Fikri Altay Karşıyaka
 İzmir",4.000.000,90,110,2+1,2
496,ASLAN'DAN 2+1/105m2 EBEVEYN BANYO/KAPALI MUTFAK SATILIK DAİRE,"Örnekköy Karşıyaka
 İzmir",2.770.000,105,115,2+1,2
497,ASLAN'DAN MEDİCAL POINT YANI 2+1 SATILIK DAİRE,"İmbatlı Karşıyaka
 İzmir",3.150.000,77,85,2+1,2
498,MERKEZİ KONUMLU KIRA GETİRİSİ YÜKSEK 2+1,"İmbatlı Karşıyaka
 İzmir",2.850.000,80,90,2+1,2
499,ANADOLU CADDESİ VE IZBAN YAKINI,"Dedebaşı Karşıyaka
 İzmir",2.650.000,80,88,2+1,2
500,ASLAN'DAN YENİ GİRNE/MEDİCALPOİNT YAKINI 1+1/55m2 SATILIK DAİRE,"Örnekköy Karşıyaka
 İzmir",1.920.000,48,55,1+1,1
501,MERKEZİ KONUMLU SIFIR ARAKAT 3+1,"İmbatlı Karşıyaka
 İzmir",3.800.000,118,130,3+1,3
502,ASLAN'DAN MEDİCALPOİNT YAKINI 1+1/55m2 SATILIK SIFIR DAİRE,"Örnekköy Karşıyaka
 İzmir",1.750.000,48,55,1+1,1
503,Aslan Gayrimenkulden 2+1 sıfır,"Örnekköy Karşıyaka
 İzmir",3.300.000,82,90,2+1,2
504,ASLANDAN OTOBAN YAKINI 3+1 SATILIK DAİRE,"Zübeyde Hanım Karşıyaka
 İzmir",3.750.000,130,140,3+1,3
505,ASLAN'DAN ZÜBEYDE HANIM TOKİ'DE 2+1 / 90m2 FERAH SATILIK DAİRE,"Zübeyde Hanım Karşıyaka
 İzmir",1.875.000,90,100,2+1,2
506,ASLAN'DAN YENİ GİRNE YAKINI A.MUTFAK 2+1/80m2 SATILIK DAİRE,"Örnekköy Karşıyaka
 İzmir",2.650.000,80,90,2+1,2
507,"ASLAN'DAN OTOBAN YAKINI ,ÖNÜ AÇIK 2+1 SATILIK DAİRE","Zübeyde Hanım Karşıyaka
 İzmir",1.720.000,80,90,2+1,2
508,ASLAN'DAN MEDİCALPOİNT ARKASI 2+1/80m2 SATILIK LÜKS DAİRE,"İmbatlı Karşıyaka
 İzmir",3.250.000,78,90,2+1,2
509,ASLAN'DAN MEDİCALPOİNT ARKASI 2+1/80m2 SATILIK LÜKS DAİRE,"Örnekköy Karşıyaka
 İzmir",3.250.000,78,90,2+1,2
510,Merkezi konumlu 2+1 Açık mutfak,"Örnekköy Karşıyaka
 İzmir",2.400.000,75,90,2+1,2
511,ASLANDAN MEDİCAL POİNT YAKINI SATILIK 1+1 DAİRE,"İmbatlı Karşıyaka
 İzmir",2.250.000,42,50,1+1,1
512,ASKAR GAYRİMENKUL'DEN İZBAN YAKINI AYRIK NİZAM ARAKAT 3+1 K.MUTF,"Bahçelievler Karşıyaka
 İzmir",6.000.000,115,120,3+1,3
513,ANADOLU CADDESİ ÜSTÜ 1+1 YATIRIMLIK,"İmbatlı Karşıyaka
 İzmir",2.300.000,55,65,1+1,1
514,Karşıyaka Bahçelievler'de İçi Full Tadilatlı Doğalgazlı Ara Kat,"Bahçelievler Karşıyaka
 İzmir",2.700.000,90,100,2+1,2
515,"Satılık Daire, 2+1, Etrafı Açık, Park Cepheli, Fikri Altayda","Fikri Altay Karşıyaka
 İzmir",3.250.000,69,80,2+1,2
516,Neşe Emlak'tan Karşıyaka İmbatlı'da Satılık 1+1 Daire,"İmbatlı Karşıyaka
 İzmir",2.200.000,55,65,1+1,1
517,ALBATROS 7 DE BAKIMLI TADİLATLI MANZARALI 4+1,"Mavişehir Karşıyaka
 İzmir",9.750.000,184,210,4+1,4
518,Karşıyaka Goncalar Mah Girne Bulvarı Yakını Satılık 3+1 Daire,"Goncalar Karşıyaka
 İzmir",3.750.000,97,110,3+1,3
519,Karşıyaka Bostanlı'da Satılık Ebeveyn Banyolu 3+1 Daire,"Bostanlı Karşıyaka
 İzmir",5.950.000,120,130,3+1,3
520,Remax Target Ayşe Ayhandan Demirköprü de satılık 4 + 2 Dubleks,"Şemikler Karşıyaka
 İzmir",8.700.000,145,160,4+2,4
521,Karşıyaka Bostanlı Mah 3+1 Satılık Daire,"Bostanlı Karşıyaka
 İzmir",8.250.000,115,125,3+1,3
522,Karşıyaka AKSOY'da Asansörlü Geniş ve Ferah Satılık 3+1 Daire,"Aksoy Karşıyaka
 İzmir",3.800.000,135,145,3+1,3
523,RE/MAX Target'tan Karşıyaka Aksoyda Sıfır Daire,"Aksoy Karşıyaka
 İzmir",8.635.000,80,100,3+1,3
524,Karşıyaka Bahriye Üçok Mah. Ara Kat Satılık 3+1 Daire,"Bahriye Üçok Karşıyaka
 İzmir",3.150.000,110,120,3+1,3
525,Şemikler Priştina Arkasi Satılık 2+1 daire,"Şemikler Karşıyaka
 İzmir",2.480.000,65,75,2+1,2
526,"Kete'den Bostanlının Kalbinde 3 CEPHE ""0"" Ayarında Satılık 3+1","Bostanlı Karşıyaka
 İzmir",9.000.000,110,125,3+1,3
527,İZMİR LİVİN PROJESİNDEN SATILIK DAİRELER,"Mavişehir Karşıyaka
 İzmir",23.600.000,162,190,3+1,3
528,İzmir Karşıyaka Şemikler Ordu Bulvarında Satılık 3+1 Daire,"Şemikler Karşıyaka
 İzmir",3.200.000,85,112,3+1,3
529,GÜLTEKİN PRESTİJ SİTESİ'NDE LÜKS GENİŞ 2+1 SATILIK DAİRE,"Şemikler Karşıyaka
 İzmir",4.425.000,88,106,2+1,2
530,KARŞIYAKA ÇARŞIDA ZEMİN ÜSTÜ SATILIK DAİRE,"Donanmacı Karşıyaka
 İzmir",2.700.000,95,110,2+1,2
531,DEMİRKÖPRÜ NECİP DEMIR LİSESİ KARŞISI 3+1 124M2 SATILIK DAİRE,"Demirköprü Karşıyaka
 İzmir",4.200.000,118,124,3+1,3
532,Soyak Siesta Energy'de 1+1 Ara kat Full Eşyalı Satılık Daire,"İnönü Karşıyaka
 İzmir",2.550.000,36,52,1+1,1
533,KARŞIYAKA BAHÇELİEVLER'DE 4+1 SATILIK DAİRE,"Bahçelievler Karşıyaka
 İzmir",3.950.000,200,220,4+1,4
534,"Karşıyaka Nergiz'de Geniş Sokakta, Dubleks 3+1 Daire","Goncalar Karşıyaka
 İzmir",2.350.000,100,120,3+1,3
535,İzmir Karşıyaka Donanmacı Mah Sahil Yakını Satılık 3+1 Daire,"Donanmacı Karşıyaka
 İzmir",3.050.000,100,120,3+1,3
536,"Medical Point Hastane Yanı,Anadolu Cadde Üzeri Sıfır Satılık 1+1","İmbatlı Karşıyaka
 İzmir",2.350.000,65,85,1+1,1
537,Neşe Emlak'tan Karşıyaka İmbatlı'da Satılık 1+1 Daire,"İmbatlı Karşıyaka
 İzmir",2.200.000,55,65,1+1,1
538,ALBATROS 7 DE BAKIMLI TADİLATLI MANZARALI 4+1,"Mavişehir Karşıyaka
 İzmir",9.750.000,184,210,4+1,4
539,Karşıyaka Goncalar Mah Girne Bulvarı Yakını Satılık 3+1 Daire,"Goncalar Karşıyaka
 İzmir",3.750.000,97,110,3+1,3
540,Karşıyaka Bostanlı'da Satılık Ebeveyn Banyolu 3+1 Daire,"Bostanlı Karşıyaka
 İzmir",5.950.000,120,130,3+1,3
541,Remax Target Ayşe Ayhandan Demirköprü de satılık 4 + 2 Dubleks,"Şemikler Karşıyaka
 İzmir",8.700.000,145,160,4+2,4
542,Karşıyaka Bostanlı Mah 3+1 Satılık Daire,"Bostanlı Karşıyaka
 İzmir",8.250.000,115,125,3+1,3
543,Karşıyaka AKSOY'da Asansörlü Geniş ve Ferah Satılık 3+1 Daire,"Aksoy Karşıyaka
 İzmir",3.800.000,135,145,3+1,3
544,RE/MAX Target'tan Karşıyaka Aksoyda Sıfır Daire,"Aksoy Karşıyaka
 İzmir",8.635.000,80,100,3+1,3
545,Karşıyaka Bahriye Üçok Mah. Ara Kat Satılık 3+1 Daire,"Bahriye Üçok Karşıyaka
 İzmir",3.150.000,110,120,3+1,3
546,Şemikler Priştina Arkasi Satılık 2+1 daire,"Şemikler Karşıyaka
 İzmir",2.480.000,65,75,2+1,2
547,"Kete'den Bostanlının Kalbinde 3 CEPHE ""0"" Ayarında Satılık 3+1","Bostanlı Karşıyaka
 İzmir",9.000.000,110,125,3+1,3
548,İZMİR LİVİN PROJESİNDEN SATILIK DAİRELER,"Mavişehir Karşıyaka
 İzmir",23.600.000,162,190,3+1,3
549,İzmir Karşıyaka Şemikler Ordu Bulvarında Satılık 3+1 Daire,"Şemikler Karşıyaka
 İzmir",3.200.000,85,112,3+1,3
550,GÜLTEKİN PRESTİJ SİTESİ'NDE LÜKS GENİŞ 2+1 SATILIK DAİRE,"Şemikler Karşıyaka
 İzmir",4.425.000,88,106,2+1,2
551,KARŞIYAKA ÇARŞIDA ZEMİN ÜSTÜ SATILIK DAİRE,"Donanmacı Karşıyaka
 İzmir",2.700.000,95,110,2+1,2
552,DEMİRKÖPRÜ NECİP DEMIR LİSESİ KARŞISI 3+1 124M2 SATILIK DAİRE,"Demirköprü Karşıyaka
 İzmir",4.200.000,118,124,3+1,3
553,Soyak Siesta Energy'de 1+1 Ara kat Full Eşyalı Satılık Daire,"İnönü Karşıyaka
 İzmir",2.550.000,36,52,1+1,1
554,KARŞIYAKA BAHÇELİEVLER'DE 4+1 SATILIK DAİRE,"Bahçelievler Karşıyaka
 İzmir",3.950.000,200,220,4+1,4
555,"Karşıyaka Nergiz'de Geniş Sokakta, Dubleks 3+1 Daire","Goncalar Karşıyaka
 İzmir",2.350.000,100,120,3+1,3
556,İzmir Karşıyaka Donanmacı Mah Sahil Yakını Satılık 3+1 Daire,"Donanmacı Karşıyaka
 İzmir",3.050.000,100,120,3+1,3
557,"Medical Point Hastane Yanı,Anadolu Cadde Üzeri Sıfır Satılık 1+1","İmbatlı Karşıyaka
 İzmir",2.350.000,65,85,1+1,1
558,Neşe Emlak'tan Karşıyaka İmbatlı'da Satılık 1+1 Daire,"İmbatlı Karşıyaka
 İzmir",2.200.000,55,65,1+1,1
559,ALBATROS 7 DE BAKIMLI TADİLATLI MANZARALI 4+1,"Mavişehir Karşıyaka
 İzmir",9.750.000,184,210,4+1,4
560,Karşıyaka Goncalar Mah Girne Bulvarı Yakını Satılık 3+1 Daire,"Goncalar Karşıyaka
 İzmir",3.750.000,97,110,3+1,3
561,Karşıyaka Bostanlı'da Satılık Ebeveyn Banyolu 3+1 Daire,"Bostanlı Karşıyaka
 İzmir",5.950.000,120,130,3+1,3
562,Remax Target Ayşe Ayhandan Demirköprü de satılık 4 + 2 Dubleks,"Şemikler Karşıyaka
 İzmir",8.700.000,145,160,4+2,4
563,Karşıyaka Bostanlı Mah 3+1 Satılık Daire,"Bostanlı Karşıyaka
 İzmir",8.250.000,115,125,3+1,3
564,Karşıyaka AKSOY'da Asansörlü Geniş ve Ferah Satılık 3+1 Daire,"Aksoy Karşıyaka
 İzmir",3.800.000,135,145,3+1,3
565,RE/MAX Target'tan Karşıyaka Aksoyda Sıfır Daire,"Aksoy Karşıyaka
 İzmir",8.635.000,80,100,3+1,3
566,Karşıyaka Bahriye Üçok Mah. Ara Kat Satılık 3+1 Daire,"Bahriye Üçok Karşıyaka
 İzmir",3.150.000,110,120,3+1,3
567,Şemikler Priştina Arkasi Satılık 2+1 daire,"Şemikler Karşıyaka
 İzmir",2.480.000,65,75,2+1,2
568,"Kete'den Bostanlının Kalbinde 3 CEPHE ""0"" Ayarında Satılık 3+1","Bostanlı Karşıyaka
 İzmir",9.000.000,110,125,3+1,3
569,İZMİR LİVİN PROJESİNDEN SATILIK DAİRELER,"Mavişehir Karşıyaka
 İzmir",23.600.000,162,190,3+1,3
570,İzmir Karşıyaka Şemikler Ordu Bulvarında Satılık 3+1 Daire,"Şemikler Karşıyaka
 İzmir",3.200.000,85,112,3+1,3
571,GÜLTEKİN PRESTİJ SİTESİ'NDE LÜKS GENİŞ 2+1 SATILIK DAİRE,"Şemikler Karşıyaka
 İzmir",4.425.000,88,106,2+1,2
572,KARŞIYAKA ÇARŞIDA ZEMİN ÜSTÜ SATILIK DAİRE,"Donanmacı Karşıyaka
 İzmir",2.700.000,95,110,2+1,2
573,DEMİRKÖPRÜ NECİP DEMIR LİSESİ KARŞISI 3+1 124M2 SATILIK DAİRE,"Demirköprü Karşıyaka
 İzmir",4.200.000,118,124,3+1,3
574,Soyak Siesta Energy'de 1+1 Ara kat Full Eşyalı Satılık Daire,"İnönü Karşıyaka
 İzmir",2.550.000,36,52,1+1,1
575,KARŞIYAKA BAHÇELİEVLER'DE 4+1 SATILIK DAİRE,"Bahçelievler Karşıyaka
 İzmir",3.950.000,200,220,4+1,4
576,"Karşıyaka Nergiz'de Geniş Sokakta, Dubleks 3+1 Daire","Goncalar Karşıyaka
 İzmir",2.350.000,100,120,3+1,3
577,İzmir Karşıyaka Donanmacı Mah Sahil Yakını Satılık 3+1 Daire,"Donanmacı Karşıyaka
 İzmir",3.050.000,100,120,3+1,3
578,"Medical Point Hastane Yanı,Anadolu Cadde Üzeri Sıfır Satılık 1+1","İmbatlı Karşıyaka
 İzmir",2.350.000,65,85,1+1,1
579,Neşe Emlak'tan Karşıyaka İmbatlı'da Satılık 1+1 Daire,"İmbatlı Karşıyaka
 İzmir",2.200.000,55,65,1+1,1
580,ALBATROS 7 DE BAKIMLI TADİLATLI MANZARALI 4+1,"Mavişehir Karşıyaka
 İzmir",9.750.000,184,210,4+1,4
581,Karşıyaka Goncalar Mah Girne Bulvarı Yakını Satılık 3+1 Daire,"Goncalar Karşıyaka
 İzmir",3.750.000,97,110,3+1,3
582,Karşıyaka Bostanlı'da Satılık Ebeveyn Banyolu 3+1 Daire,"Bostanlı Karşıyaka
 İzmir",5.950.000,120,130,3+1,3
583,Remax Target Ayşe Ayhandan Demirköprü de satılık 4 + 2 Dubleks,"Şemikler Karşıyaka
 İzmir",8.700.000,145,160,4+2,4
584,Karşıyaka Bostanlı Mah 3+1 Satılık Daire,"Bostanlı Karşıyaka
 İzmir",8.250.000,115,125,3+1,3
585,Karşıyaka AKSOY'da Asansörlü Geniş ve Ferah Satılık 3+1 Daire,"Aksoy Karşıyaka
 İzmir",3.800.000,135,145,3+1,3
586,RE/MAX Target'tan Karşıyaka Aksoyda Sıfır Daire,"Aksoy Karşıyaka
 İzmir",8.635.000,80,100,3+1,3
587,Karşıyaka Bahriye Üçok Mah. Ara Kat Satılık 3+1 Daire,"Bahriye Üçok Karşıyaka
 İzmir",3.150.000,110,120,3+1,3
588,Şemikler Priştina Arkasi Satılık 2+1 daire,"Şemikler Karşıyaka
 İzmir",2.480.000,65,75,2+1,2
589,"Kete'den Bostanlının Kalbinde 3 CEPHE ""0"" Ayarında Satılık 3+1","Bostanlı Karşıyaka
 İzmir",9.000.000,110,125,3+1,3
590,İZMİR LİVİN PROJESİNDEN SATILIK DAİRELER,"Mavişehir Karşıyaka
 İzmir",23.600.000,162,190,3+1,3
591,İzmir Karşıyaka Şemikler Ordu Bulvarında Satılık 3+1 Daire,"Şemikler Karşıyaka
 İzmir",3.200.000,85,112,3+1,3
592,GÜLTEKİN PRESTİJ SİTESİ'NDE LÜKS GENİŞ 2+1 SATILIK DAİRE,"Şemikler Karşıyaka
 İzmir",4.425.000,88,106,2+1,2
593,KARŞIYAKA ÇARŞIDA ZEMİN ÜSTÜ SATILIK DAİRE,"Donanmacı Karşıyaka
 İzmir",2.700.000,95,110,2+1,2
594,DEMİRKÖPRÜ NECİP DEMIR LİSESİ KARŞISI 3+1 124M2 SATILIK DAİRE,"Demirköprü Karşıyaka
 İzmir",4.200.000,118,124,3+1,3
595,Soyak Siesta Energy'de 1+1 Ara kat Full Eşyalı Satılık Daire,"İnönü Karşıyaka
 İzmir",2.550.000,36,52,1+1,1
596,KARŞIYAKA BAHÇELİEVLER'DE 4+1 SATILIK DAİRE,"Bahçelievler Karşıyaka
 İzmir",3.950.000,200,220,4+1,4
597,"Karşıyaka Nergiz'de Geniş Sokakta, Dubleks 3+1 Daire","Goncalar Karşıyaka
 İzmir",2.350.000,100,120,3+1,3
598,İzmir Karşıyaka Donanmacı Mah Sahil Yakını Satılık 3+1 Daire,"Donanmacı Karşıyaka
 İzmir",3.050.000,100,120,3+1,3
599,"Medical Point Hastane Yanı,Anadolu Cadde Üzeri Sıfır Satılık 1+1","İmbatlı Karşıyaka
 İzmir",2.350.000,65,85,1+1,1
600,Neşe Emlak'tan Karşıyaka İmbatlı'da Satılık 1+1 Daire,"İmbatlı Karşıyaka
 İzmir",2.200.000,55,65,1+1,1
601,ALBATROS 7 DE BAKIMLI TADİLATLI MANZARALI 4+1,"Mavişehir Karşıyaka
 İzmir",9.750.000,184,210,4+1,4
602,Karşıyaka Goncalar Mah Girne Bulvarı Yakını Satılık 3+1 Daire,"Goncalar Karşıyaka
 İzmir",3.750.000,97,110,3+1,3
603,Karşıyaka Bostanlı'da Satılık Ebeveyn Banyolu 3+1 Daire,"Bostanlı Karşıyaka
 İzmir",5.950.000,120,130,3+1,3
604,Remax Target Ayşe Ayhandan Demirköprü de satılık 4 + 2 Dubleks,"Şemikler Karşıyaka
 İzmir",8.700.000,145,160,4+2,4
605,Karşıyaka Bostanlı Mah 3+1 Satılık Daire,"Bostanlı Karşıyaka
 İzmir",8.250.000,115,125,3+1,3
606,Karşıyaka AKSOY'da Asansörlü Geniş ve Ferah Satılık 3+1 Daire,"Aksoy Karşıyaka
 İzmir",3.800.000,135,145,3+1,3
607,RE/MAX Target'tan Karşıyaka Aksoyda Sıfır Daire,"Aksoy Karşıyaka
 İzmir",8.635.000,80,100,3+1,3
608,Karşıyaka Bahriye Üçok Mah. Ara Kat Satılık 3+1 Daire,"Bahriye Üçok Karşıyaka
 İzmir",3.150.000,110,120,3+1,3
609,Şemikler Priştina Arkasi Satılık 2+1 daire,"Şemikler Karşıyaka
 İzmir",2.480.000,65,75,2+1,2
610,"Kete'den Bostanlının Kalbinde 3 CEPHE ""0"" Ayarında Satılık 3+1","Bostanlı Karşıyaka
 İzmir",9.000.000,110,125,3+1,3
611,İZMİR LİVİN PROJESİNDEN SATILIK DAİRELER,"Mavişehir Karşıyaka
 İzmir",23.600.000,162,190,3+1,3
612,İzmir Karşıyaka Şemikler Ordu Bulvarında Satılık 3+1 Daire,"Şemikler Karşıyaka
 İzmir",3.200.000,85,112,3+1,3
613,GÜLTEKİN PRESTİJ SİTESİ'NDE LÜKS GENİŞ 2+1 SATILIK DAİRE,"Şemikler Karşıyaka
 İzmir",4.425.000,88,106,2+1,2
614,KARŞIYAKA ÇARŞIDA ZEMİN ÜSTÜ SATILIK DAİRE,"Donanmacı Karşıyaka
 İzmir",2.700.000,95,110,2+1,2
615,DEMİRKÖPRÜ NECİP DEMIR LİSESİ KARŞISI 3+1 124M2 SATILIK DAİRE,"Demirköprü Karşıyaka
 İzmir",4.200.000,118,124,3+1,3
616,Soyak Siesta Energy'de 1+1 Ara kat Full Eşyalı Satılık Daire,"İnönü Karşıyaka
 İzmir",2.550.000,36,52,1+1,1
617,KARŞIYAKA BAHÇELİEVLER'DE 4+1 SATILIK DAİRE,"Bahçelievler Karşıyaka
 İzmir",3.950.000,200,220,4+1,4
618,"Karşıyaka Nergiz'de Geniş Sokakta, Dubleks 3+1 Daire","Goncalar Karşıyaka
 İzmir",2.350.000,100,120,3+1,3
619,İzmir Karşıyaka Donanmacı Mah Sahil Yakını Satılık 3+1 Daire,"Donanmacı Karşıyaka
 İzmir",3.050.000,100,120,3+1,3
620,"Medical Point Hastane Yanı,Anadolu Cadde Üzeri Sıfır Satılık 1+1","İmbatlı Karşıyaka
 İzmir",2.350.000,65,85,1+1,1
621,Neşe Emlak'tan Karşıyaka İmbatlı'da Satılık 1+1 Daire,"İmbatlı Karşıyaka
 İzmir",2.200.000,55,65,1+1,1
622,ALBATROS 7 DE BAKIMLI TADİLATLI MANZARALI 4+1,"Mavişehir Karşıyaka
 İzmir",9.750.000,184,210,4+1,4
623,Karşıyaka Goncalar Mah Girne Bulvarı Yakını Satılık 3+1 Daire,"Goncalar Karşıyaka
 İzmir",3.750.000,97,110,3+1,3
624,Karşıyaka Bostanlı'da Satılık Ebeveyn Banyolu 3+1 Daire,"Bostanlı Karşıyaka
 İzmir",5.950.000,120,130,3+1,3
625,Remax Target Ayşe Ayhandan Demirköprü de satılık 4 + 2 Dubleks,"Şemikler Karşıyaka
 İzmir",8.700.000,145,160,4+2,4
626,Karşıyaka Bostanlı Mah 3+1 Satılık Daire,"Bostanlı Karşıyaka
 İzmir",8.250.000,115,125,3+1,3
627,Karşıyaka AKSOY'da Asansörlü Geniş ve Ferah Satılık 3+1 Daire,"Aksoy Karşıyaka
 İzmir",3.800.000,135,145,3+1,3
628,RE/MAX Target'tan Karşıyaka Aksoyda Sıfır Daire,"Aksoy Karşıyaka
 İzmir",8.635.000,80,100,3+1,3
629,Karşıyaka Bahriye Üçok Mah. Ara Kat Satılık 3+1 Daire,"Bahriye Üçok Karşıyaka
 İzmir",3.150.000,110,120,3+1,3
630,Şemikler Priştina Arkasi Satılık 2+1 daire,"Şemikler Karşıyaka
 İzmir",2.480.000,65,75,2+1,2
631,"Kete'den Bostanlının Kalbinde 3 CEPHE ""0"" Ayarında Satılık 3+1","Bostanlı Karşıyaka
 İzmir",9.000.000,110,125,3+1,3
632,İZMİR LİVİN PROJESİNDEN SATILIK DAİRELER,"Mavişehir Karşıyaka
 İzmir",23.600.000,162,190,3+1,3
633,İzmir Karşıyaka Şemikler Ordu Bulvarında Satılık 3+1 Daire,"Şemikler Karşıyaka
 İzmir",3.200.000,85,112,3+1,3
634,GÜLTEKİN PRESTİJ SİTESİ'NDE LÜKS GENİŞ 2+1 SATILIK DAİRE,"Şemikler Karşıyaka
 İzmir",4.425.000,88,106,2+1,2
635,KARŞIYAKA ÇARŞIDA ZEMİN ÜSTÜ SATILIK DAİRE,"Donanmacı Karşıyaka
 İzmir",2.700.000,95,110,2+1,2
636,DEMİRKÖPRÜ NECİP DEMIR LİSESİ KARŞISI 3+1 124M2 SATILIK DAİRE,"Demirköprü Karşıyaka
 İzmir",4.200.000,118,124,3+1,3
637,Soyak Siesta Energy'de 1+1 Ara kat Full Eşyalı Satılık Daire,"İnönü Karşıyaka
 İzmir",2.550.000,36,52,1+1,1
638,KARŞIYAKA BAHÇELİEVLER'DE 4+1 SATILIK DAİRE,"Bahçelievler Karşıyaka
 İzmir",3.950.000,200,220,4+1,4
639,"Karşıyaka Nergiz'de Geniş Sokakta, Dubleks 3+1 Daire","Goncalar Karşıyaka
 İzmir",2.350.000,100,120,3+1,3
640,İzmir Karşıyaka Donanmacı Mah Sahil Yakını Satılık 3+1 Daire,"Donanmacı Karşıyaka
 İzmir",3.050.000,100,120,3+1,3
641,"Medical Point Hastane Yanı,Anadolu Cadde Üzeri Sıfır Satılık 1+1","İmbatlı Karşıyaka
 İzmir",2.350.000,65,85,1+1,1
642,Neşe Emlak'tan Karşıyaka İmbatlı'da Satılık 1+1 Daire,"İmbatlı Karşıyaka
 İzmir",2.200.000,55,65,1+1,1
643,ALBATROS 7 DE BAKIMLI TADİLATLI MANZARALI 4+1,"Mavişehir Karşıyaka
 İzmir",9.750.000,184,210,4+1,4
644,Karşıyaka Goncalar Mah Girne Bulvarı Yakını Satılık 3+1 Daire,"Goncalar Karşıyaka
 İzmir",3.750.000,97,110,3+1,3
645,Karşıyaka Bostanlı'da Satılık Ebeveyn Banyolu 3+1 Daire,"Bostanlı Karşıyaka
 İzmir",5.950.000,120,130,3+1,3
646,Remax Target Ayşe Ayhandan Demirköprü de satılık 4 + 2 Dubleks,"Şemikler Karşıyaka
 İzmir",8.700.000,145,160,4+2,4
647,Karşıyaka Bostanlı Mah 3+1 Satılık Daire,"Bostanlı Karşıyaka
 İzmir",8.250.000,115,125,3+1,3
648,Karşıyaka AKSOY'da Asansörlü Geniş ve Ferah Satılık 3+1 Daire,"Aksoy Karşıyaka
 İzmir",3.800.000,135,145,3+1,3
649,RE/MAX Target'tan Karşıyaka Aksoyda Sıfır Daire,"Aksoy Karşıyaka
 İzmir",8.635.000,80,100,3+1,3
650,Karşıyaka Bahriye Üçok Mah. Ara Kat Satılık 3+1 Daire,"Bahriye Üçok Karşıyaka
 İzmir",3.150.000,110,120,3+1,3
651,Şemikler Priştina Arkasi Satılık 2+1 daire,"Şemikler Karşıyaka
 İzmir",2.480.000,65,75,2+1,2
652,"Kete'den Bostanlının Kalbinde 3 CEPHE ""0"" Ayarında Satılık 3+1","Bostanlı Karşıyaka
 İzmir",9.000.000,110,125,3+1,3
653,İZMİR LİVİN PROJESİNDEN SATILIK DAİRELER,"Mavişehir Karşıyaka
 İzmir",23.600.000,162,190,3+1,3
654,İzmir Karşıyaka Şemikler Ordu Bulvarında Satılık 3+1 Daire,"Şemikler Karşıyaka
 İzmir",3.200.000,85,112,3+1,3
655,GÜLTEKİN PRESTİJ SİTESİ'NDE LÜKS GENİŞ 2+1 SATILIK DAİRE,"Şemikler Karşıyaka
 İzmir",4.425.000,88,106,2+1,2
656,KARŞIYAKA ÇARŞIDA ZEMİN ÜSTÜ SATILIK DAİRE,"Donanmacı Karşıyaka
 İzmir",2.700.000,95,110,2+1,2
657,DEMİRKÖPRÜ NECİP DEMIR LİSESİ KARŞISI 3+1 124M2 SATILIK DAİRE,"Demirköprü Karşıyaka
 İzmir",4.200.000,118,124,3+1,3
658,Soyak Siesta Energy'de 1+1 Ara kat Full Eşyalı Satılık Daire,"İnönü Karşıyaka
 İzmir",2.550.000,36,52,1+1,1
659,KARŞIYAKA BAHÇELİEVLER'DE 4+1 SATILIK DAİRE,"Bahçelievler Karşıyaka
 İzmir",3.950.000,200,220,4+1,4
660,"Karşıyaka Nergiz'de Geniş Sokakta, Dubleks 3+1 Daire","Goncalar Karşıyaka
 İzmir",2.350.000,100,120,3+1,3
661,İzmir Karşıyaka Donanmacı Mah Sahil Yakını Satılık 3+1 Daire,"Donanmacı Karşıyaka
 İzmir",3.050.000,100,120,3+1,3
662,"Medical Point Hastane Yanı,Anadolu Cadde Üzeri Sıfır Satılık 1+1","İmbatlı Karşıyaka
 İzmir",2.350.000,65,85,1+1,1
663,Neşe Emlak'tan Karşıyaka İmbatlı'da Satılık 1+1 Daire,"İmbatlı Karşıyaka
 İzmir",2.200.000,55,65,1+1,1
664,ALBATROS 7 DE BAKIMLI TADİLATLI MANZARALI 4+1,"Mavişehir Karşıyaka
 İzmir",9.750.000,184,210,4+1,4
665,Karşıyaka Goncalar Mah Girne Bulvarı Yakını Satılık 3+1 Daire,"Goncalar Karşıyaka
 İzmir",3.750.000,97,110,3+1,3
666,Karşıyaka Bostanlı'da Satılık Ebeveyn Banyolu 3+1 Daire,"Bostanlı Karşıyaka
 İzmir",5.950.000,120,130,3+1,3
667,Remax Target Ayşe Ayhandan Demirköprü de satılık 4 + 2 Dubleks,"Şemikler Karşıyaka
 İzmir",8.700.000,145,160,4+2,4
668,Karşıyaka Bostanlı Mah 3+1 Satılık Daire,"Bostanlı Karşıyaka
 İzmir",8.250.000,115,125,3+1,3
669,Karşıyaka AKSOY'da Asansörlü Geniş ve Ferah Satılık 3+1 Daire,"Aksoy Karşıyaka
 İzmir",3.800.000,135,145,3+1,3
670,RE/MAX Target'tan Karşıyaka Aksoyda Sıfır Daire,"Aksoy Karşıyaka
 İzmir",8.635.000,80,100,3+1,3
671,Karşıyaka Bahriye Üçok Mah. Ara Kat Satılık 3+1 Daire,"Bahriye Üçok Karşıyaka
 İzmir",3.150.000,110,120,3+1,3
672,Şemikler Priştina Arkasi Satılık 2+1 daire,"Şemikler Karşıyaka
 İzmir",2.480.000,65,75,2+1,2
673,"Kete'den Bostanlının Kalbinde 3 CEPHE ""0"" Ayarında Satılık 3+1","Bostanlı Karşıyaka
 İzmir",9.000.000,110,125,3+1,3
674,İZMİR LİVİN PROJESİNDEN SATILIK DAİRELER,"Mavişehir Karşıyaka
 İzmir",23.600.000,162,190,3+1,3
675,İzmir Karşıyaka Şemikler Ordu Bulvarında Satılık 3+1 Daire,"Şemikler Karşıyaka
 İzmir",3.200.000,85,112,3+1,3
676,GÜLTEKİN PRESTİJ SİTESİ'NDE LÜKS GENİŞ 2+1 SATILIK DAİRE,"Şemikler Karşıyaka
 İzmir",4.425.000,88,106,2+1,2
677,KARŞIYAKA ÇARŞIDA ZEMİN ÜSTÜ SATILIK DAİRE,"Donanmacı Karşıyaka
 İzmir",2.700.000,95,110,2+1,2
678,DEMİRKÖPRÜ NECİP DEMIR LİSESİ KARŞISI 3+1 124M2 SATILIK DAİRE,"Demirköprü Karşıyaka
 İzmir",4.200.000,118,124,3+1,3
679,Soyak Siesta Energy'de 1+1 Ara kat Full Eşyalı Satılık Daire,"İnönü Karşıyaka
 İzmir",2.550.000,36,52,1+1,1
680,KARŞIYAKA BAHÇELİEVLER'DE 4+1 SATILIK DAİRE,"Bahçelievler Karşıyaka
 İzmir",3.950.000,200,220,4+1,4
681,"Karşıyaka Nergiz'de Geniş Sokakta, Dubleks 3+1 Daire","Goncalar Karşıyaka
 İzmir",2.350.000,100,120,3+1,3
682,İzmir Karşıyaka Donanmacı Mah Sahil Yakını Satılık 3+1 Daire,"Donanmacı Karşıyaka
 İzmir",3.050.000,100,120,3+1,3
683,"Medical Point Hastane Yanı,Anadolu Cadde Üzeri Sıfır Satılık 1+1","İmbatlı Karşıyaka
 İzmir",2.350.000,65,85,1+1,1
684,Neşe Emlak'tan Karşıyaka İmbatlı'da Satılık 1+1 Daire,"İmbatlı Karşıyaka
 İzmir",2.200.000,55,65,1+1,1
685,ALBATROS 7 DE BAKIMLI TADİLATLI MANZARALI 4+1,"Mavişehir Karşıyaka
 İzmir",9.750.000,184,210,4+1,4
686,Karşıyaka Goncalar Mah Girne Bulvarı Yakını Satılık 3+1 Daire,"Goncalar Karşıyaka
 İzmir",3.750.000,97,110,3+1,3
687,Karşıyaka Bostanlı'da Satılık Ebeveyn Banyolu 3+1 Daire,"Bostanlı Karşıyaka
 İzmir",5.950.000,120,130,3+1,3
688,Remax Target Ayşe Ayhandan Demirköprü de satılık 4 + 2 Dubleks,"Şemikler Karşıyaka
 İzmir",8.700.000,145,160,4+2,4
689,Karşıyaka Bostanlı Mah 3+1 Satılık Daire,"Bostanlı Karşıyaka
 İzmir",8.250.000,115,125,3+1,3
690,Karşıyaka AKSOY'da Asansörlü Geniş ve Ferah Satılık 3+1 Daire,"Aksoy Karşıyaka
 İzmir",3.800.000,135,145,3+1,3
691,RE/MAX Target'tan Karşıyaka Aksoyda Sıfır Daire,"Aksoy Karşıyaka
 İzmir",8.635.000,80,100,3+1,3
692,Karşıyaka Bahriye Üçok Mah. Ara Kat Satılık 3+1 Daire,"Bahriye Üçok Karşıyaka
 İzmir",3.150.000,110,120,3+1,3
693,Şemikler Priştina Arkasi Satılık 2+1 daire,"Şemikler Karşıyaka
 İzmir",2.480.000,65,75,2+1,2
694,"Kete'den Bostanlının Kalbinde 3 CEPHE ""0"" Ayarında Satılık 3+1","Bostanlı Karşıyaka
 İzmir",9.000.000,110,125,3+1,3
695,İZMİR LİVİN PROJESİNDEN SATILIK DAİRELER,"Mavişehir Karşıyaka
 İzmir",23.600.000,162,190,3+1,3
696,İzmir Karşıyaka Şemikler Ordu Bulvarında Satılık 3+1 Daire,"Şemikler Karşıyaka
 İzmir",3.200.000,85,112,3+1,3
697,GÜLTEKİN PRESTİJ SİTESİ'NDE LÜKS GENİŞ 2+1 SATILIK DAİRE,"Şemikler Karşıyaka
 İzmir",4.425.000,88,106,2+1,2
698,KARŞIYAKA ÇARŞIDA ZEMİN ÜSTÜ SATILIK DAİRE,"Donanmacı Karşıyaka
 İzmir",2.700.000,95,110,2+1,2
699,DEMİRKÖPRÜ NECİP DEMIR LİSESİ KARŞISI 3+1 124M2 SATILIK DAİRE,"Demirköprü Karşıyaka
 İzmir",4.200.000,118,124,3+1,3
700,Soyak Siesta Energy'de 1+1 Ara kat Full Eşyalı Satılık Daire,"İnönü Karşıyaka
 İzmir",2.550.000,36,52,1+1,1
701,KARŞIYAKA BAHÇELİEVLER'DE 4+1 SATILIK DAİRE,"Bahçelievler Karşıyaka
 İzmir",3.950.000,200,220,4+1,4
702,"Karşıyaka Nergiz'de Geniş Sokakta, Dubleks 3+1 Daire","Goncalar Karşıyaka
 İzmir",2.350.000,100,120,3+1,3
703,İzmir Karşıyaka Donanmacı Mah Sahil Yakını Satılık 3+1 Daire,"Donanmacı Karşıyaka
 İzmir",3.050.000,100,120,3+1,3
704,"Medical Point Hastane Yanı,Anadolu Cadde Üzeri Sıfır Satılık 1+1","İmbatlı Karşıyaka
 İzmir",2.350.000,65,85,1+1,1
705,Neşe Emlak'tan Karşıyaka İmbatlı'da Satılık 1+1 Daire,"İmbatlı Karşıyaka
 İzmir",2.200.000,55,65,1+1,1
706,ALBATROS 7 DE BAKIMLI TADİLATLI MANZARALI 4+1,"Mavişehir Karşıyaka
 İzmir",9.750.000,184,210,4+1,4
707,Karşıyaka Goncalar Mah Girne Bulvarı Yakını Satılık 3+1 Daire,"Goncalar Karşıyaka
 İzmir",3.750.000,97,110,3+1,3
708,Karşıyaka Bostanlı'da Satılık Ebeveyn Banyolu 3+1 Daire,"Bostanlı Karşıyaka
 İzmir",5.950.000,120,130,3+1,3
709,Remax Target Ayşe Ayhandan Demirköprü de satılık 4 + 2 Dubleks,"Şemikler Karşıyaka
 İzmir",8.700.000,145,160,4+2,4
710,Karşıyaka Bostanlı Mah 3+1 Satılık Daire,"Bostanlı Karşıyaka
 İzmir",8.250.000,115,125,3+1,3
711,Karşıyaka AKSOY'da Asansörlü Geniş ve Ferah Satılık 3+1 Daire,"Aksoy Karşıyaka
 İzmir",3.800.000,135,145,3+1,3
712,RE/MAX Target'tan Karşıyaka Aksoyda Sıfır Daire,"Aksoy Karşıyaka
 İzmir",8.635.000,80,100,3+1,3
713,Karşıyaka Bahriye Üçok Mah. Ara Kat Satılık 3+1 Daire,"Bahriye Üçok Karşıyaka
 İzmir",3.150.000,110,120,3+1,3
714,Şemikler Priştina Arkasi Satılık 2+1 daire,"Şemikler Karşıyaka
 İzmir",2.480.000,65,75,2+1,2
715,"Kete'den Bostanlının Kalbinde 3 CEPHE ""0"" Ayarında Satılık 3+1","Bostanlı Karşıyaka
 İzmir",9.000.000,110,125,3+1,3
716,İZMİR LİVİN PROJESİNDEN SATILIK DAİRELER,"Mavişehir Karşıyaka
 İzmir",23.600.000,162,190,3+1,3
717,İzmir Karşıyaka Şemikler Ordu Bulvarında Satılık 3+1 Daire,"Şemikler Karşıyaka
 İzmir",3.200.000,85,112,3+1,3
718,GÜLTEKİN PRESTİJ SİTESİ'NDE LÜKS GENİŞ 2+1 SATILIK DAİRE,"Şemikler Karşıyaka
 İzmir",4.425.000,88,106,2+1,2
719,KARŞIYAKA ÇARŞIDA ZEMİN ÜSTÜ SATILIK DAİRE,"Donanmacı Karşıyaka
 İzmir",2.700.000,95,110,2+1,2
720,DEMİRKÖPRÜ NECİP DEMIR LİSESİ KARŞISI 3+1 124M2 SATILIK DAİRE,"Demirköprü Karşıyaka
 İzmir",4.200.000,118,124,3+1,3
721,Soyak Siesta Energy'de 1+1 Ara kat Full Eşyalı Satılık Daire,"İnönü Karşıyaka
 İzmir",2.550.000,36,52,1+1,1
722,KARŞIYAKA BAHÇELİEVLER'DE 4+1 SATILIK DAİRE,"Bahçelievler Karşıyaka
 İzmir",3.950.000,200,220,4+1,4
723,"Karşıyaka Nergiz'de Geniş Sokakta, Dubleks 3+1 Daire","Goncalar Karşıyaka
 İzmir",2.350.000,100,120,3+1,3
724,İzmir Karşıyaka Donanmacı Mah Sahil Yakını Satılık 3+1 Daire,"Donanmacı Karşıyaka
 İzmir",3.050.000,100,120,3+1,3
725,"Medical Point Hastane Yanı,Anadolu Cadde Üzeri Sıfır Satılık 1+1","İmbatlı Karşıyaka
 İzmir",2.350.000,65,85,1+1,1
726,Neşe Emlak'tan Karşıyaka İmbatlı'da Satılık 1+1 Daire,"İmbatlı Karşıyaka
 İzmir",2.200.000,55,65,1+1,1
727,ALBATROS 7 DE BAKIMLI TADİLATLI MANZARALI 4+1,"Mavişehir Karşıyaka
 İzmir",9.750.000,184,210,4+1,4
728,Karşıyaka Goncalar Mah Girne Bulvarı Yakını Satılık 3+1 Daire,"Goncalar Karşıyaka
 İzmir",3.750.000,97,110,3+1,3
729,Karşıyaka Bostanlı'da Satılık Ebeveyn Banyolu 3+1 Daire,"Bostanlı Karşıyaka
 İzmir",5.950.000,120,130,3+1,3
730,Remax Target Ayşe Ayhandan Demirköprü de satılık 4 + 2 Dubleks,"Şemikler Karşıyaka
 İzmir",8.700.000,145,160,4+2,4
731,Karşıyaka Bostanlı Mah 3+1 Satılık Daire,"Bostanlı Karşıyaka
 İzmir",8.250.000,115,125,3+1,3
732,Karşıyaka AKSOY'da Asansörlü Geniş ve Ferah Satılık 3+1 Daire,"Aksoy Karşıyaka
 İzmir",3.800.000,135,145,3+1,3
733,RE/MAX Target'tan Karşıyaka Aksoyda Sıfır Daire,"Aksoy Karşıyaka
 İzmir",8.635.000,80,100,3+1,3
734,Karşıyaka Bahriye Üçok Mah. Ara Kat Satılık 3+1 Daire,"Bahriye Üçok Karşıyaka
 İzmir",3.150.000,110,120,3+1,3
735,Şemikler Priştina Arkasi Satılık 2+1 daire,"Şemikler Karşıyaka
 İzmir",2.480.000,65,75,2+1,2
736,"Kete'den Bostanlının Kalbinde 3 CEPHE ""0"" Ayarında Satılık 3+1","Bostanlı Karşıyaka
 İzmir",9.000.000,110,125,3+1,3
737,İZMİR LİVİN PROJESİNDEN SATILIK DAİRELER,"Mavişehir Karşıyaka
 İzmir",23.600.000,162,190,3+1,3
738,İzmir Karşıyaka Şemikler Ordu Bulvarında Satılık 3+1 Daire,"Şemikler Karşıyaka
 İzmir",3.200.000,85,112,3+1,3
739,GÜLTEKİN PRESTİJ SİTESİ'NDE LÜKS GENİŞ 2+1 SATILIK DAİRE,"Şemikler Karşıyaka
 İzmir",4.425.000,88,106,2+1,2
740,KARŞIYAKA ÇARŞIDA ZEMİN ÜSTÜ SATILIK DAİRE,"Donanmacı Karşıyaka
 İzmir",2.700.000,95,110,2+1,2
741,DEMİRKÖPRÜ NECİP DEMIR LİSESİ KARŞISI 3+1 124M2 SATILIK DAİRE,"Demirköprü Karşıyaka
 İzmir",4.200.000,118,124,3+1,3
742,Soyak Siesta Energy'de 1+1 Ara kat Full Eşyalı Satılık Daire,"İnönü Karşıyaka
 İzmir",2.550.000,36,52,1+1,1
743,KARŞIYAKA BAHÇELİEVLER'DE 4+1 SATILIK DAİRE,"Bahçelievler Karşıyaka
 İzmir",3.950.000,200,220,4+1,4
744,"Karşıyaka Nergiz'de Geniş Sokakta, Dubleks 3+1 Daire","Goncalar Karşıyaka
 İzmir",2.350.000,100,120,3+1,3
745,İzmir Karşıyaka Donanmacı Mah Sahil Yakını Satılık 3+1 Daire,"Donanmacı Karşıyaka
 İzmir",3.050.000,100,120,3+1,3
746,"Medical Point Hastane Yanı,Anadolu Cadde Üzeri Sıfır Satılık 1+1","İmbatlı Karşıyaka
 İzmir",2.350.000,65,85,1+1,1
747,Neşe Emlak'tan Karşıyaka İmbatlı'da Satılık 1+1 Daire,"İmbatlı Karşıyaka
 İzmir",2.200.000,55,65,1+1,1
748,ALBATROS 7 DE BAKIMLI TADİLATLI MANZARALI 4+1,"Mavişehir Karşıyaka
 İzmir",9.750.000,184,210,4+1,4
749,Karşıyaka Goncalar Mah Girne Bulvarı Yakını Satılık 3+1 Daire,"Goncalar Karşıyaka
 İzmir",3.750.000,97,110,3+1,3
750,Karşıyaka Bostanlı'da Satılık Ebeveyn Banyolu 3+1 Daire,"Bostanlı Karşıyaka
 İzmir",5.950.000,120,130,3+1,3
751,Remax Target Ayşe Ayhandan Demirköprü de satılık 4 + 2 Dubleks,"Şemikler Karşıyaka
 İzmir",8.700.000,145,160,4+2,4
752,Karşıyaka Bostanlı Mah 3+1 Satılık Daire,"Bostanlı Karşıyaka
 İzmir",8.250.000,115,125,3+1,3
753,Karşıyaka AKSOY'da Asansörlü Geniş ve Ferah Satılık 3+1 Daire,"Aksoy Karşıyaka
 İzmir",3.800.000,135,145,3+1,3
754,RE/MAX Target'tan Karşıyaka Aksoyda Sıfır Daire,"Aksoy Karşıyaka
 İzmir",8.635.000,80,100,3+1,3
755,Karşıyaka Bahriye Üçok Mah. Ara Kat Satılık 3+1 Daire,"Bahriye Üçok Karşıyaka
 İzmir",3.150.000,110,120,3+1,3
756,Şemikler Priştina Arkasi Satılık 2+1 daire,"Şemikler Karşıyaka
 İzmir",2.480.000,65,75,2+1,2
757,"Kete'den Bostanlının Kalbinde 3 CEPHE ""0"" Ayarında Satılık 3+1","Bostanlı Karşıyaka
 İzmir",9.000.000,110,125,3+1,3
758,İZMİR LİVİN PROJESİNDEN SATILIK DAİRELER,"Mavişehir Karşıyaka
 İzmir",23.600.000,162,190,3+1,3
759,İzmir Karşıyaka Şemikler Ordu Bulvarında Satılık 3+1 Daire,"Şemikler Karşıyaka
 İzmir",3.200.000,85,112,3+1,3
760,GÜLTEKİN PRESTİJ SİTESİ'NDE LÜKS GENİŞ 2+1 SATILIK DAİRE,"Şemikler Karşıyaka
 İzmir",4.425.000,88,106,2+1,2
761,KARŞIYAKA ÇARŞIDA ZEMİN ÜSTÜ SATILIK DAİRE,"Donanmacı Karşıyaka
 İzmir",2.700.000,95,110,2+1,2
762,DEMİRKÖPRÜ NECİP DEMIR LİSESİ KARŞISI 3+1 124M2 SATILIK DAİRE,"Demirköprü Karşıyaka
 İzmir",4.200.000,118,124,3+1,3
763,Soyak Siesta Energy'de 1+1 Ara kat Full Eşyalı Satılık Daire,"İnönü Karşıyaka
 İzmir",2.550.000,36,52,1+1,1
764,KARŞIYAKA BAHÇELİEVLER'DE 4+1 SATILIK DAİRE,"Bahçelievler Karşıyaka
 İzmir",3.950.000,200,220,4+1,4
765,"Karşıyaka Nergiz'de Geniş Sokakta, Dubleks 3+1 Daire","Goncalar Karşıyaka
 İzmir",2.350.000,100,120,3+1,3
766,İzmir Karşıyaka Donanmacı Mah Sahil Yakını Satılık 3+1 Daire,"Donanmacı Karşıyaka
 İzmir",3.050.000,100,120,3+1,3
767,"Medical Point Hastane Yanı,Anadolu Cadde Üzeri Sıfır Satılık 1+1","İmbatlı Karşıyaka
 İzmir",2.350.000,65,85,1+1,1
768,Neşe Emlak'tan Karşıyaka İmbatlı'da Satılık 1+1 Daire,"İmbatlı Karşıyaka
 İzmir",2.200.000,55,65,1+1,1
769,ALBATROS 7 DE BAKIMLI TADİLATLI MANZARALI 4+1,"Mavişehir Karşıyaka
 İzmir",9.750.000,184,210,4+1,4
770,Karşıyaka Goncalar Mah Girne Bulvarı Yakını Satılık 3+1 Daire,"Goncalar Karşıyaka
 İzmir",3.750.000,97,110,3+1,3
771,Karşıyaka Bostanlı'da Satılık Ebeveyn Banyolu 3+1 Daire,"Bostanlı Karşıyaka
 İzmir",5.950.000,120,130,3+1,3
772,Remax Target Ayşe Ayhandan Demirköprü de satılık 4 + 2 Dubleks,"Şemikler Karşıyaka
 İzmir",8.700.000,145,160,4+2,4
773,Karşıyaka Bostanlı Mah 3+1 Satılık Daire,"Bostanlı Karşıyaka
 İzmir",8.250.000,115,125,3+1,3
774,Karşıyaka AKSOY'da Asansörlü Geniş ve Ferah Satılık 3+1 Daire,"Aksoy Karşıyaka
 İzmir",3.800.000,135,145,3+1,3
775,RE/MAX Target'tan Karşıyaka Aksoyda Sıfır Daire,"Aksoy Karşıyaka
 İzmir",8.635.000,80,100,3+1,3
776,Karşıyaka Bahriye Üçok Mah. Ara Kat Satılık 3+1 Daire,"Bahriye Üçok Karşıyaka
 İzmir",3.150.000,110,120,3+1,3
777,Şemikler Priştina Arkasi Satılık 2+1 daire,"Şemikler Karşıyaka
 İzmir",2.480.000,65,75,2+1,2
778,"Kete'den Bostanlının Kalbinde 3 CEPHE ""0"" Ayarında Satılık 3+1","Bostanlı Karşıyaka
 İzmir",9.000.000,110,125,3+1,3
779,İZMİR LİVİN PROJESİNDEN SATILIK DAİRELER,"Mavişehir Karşıyaka
 İzmir",23.600.000,162,190,3+1,3
780,İzmir Karşıyaka Şemikler Ordu Bulvarında Satılık 3+1 Daire,"Şemikler Karşıyaka
 İzmir",3.200.000,85,112,3+1,3
781,GÜLTEKİN PRESTİJ SİTESİ'NDE LÜKS GENİŞ 2+1 SATILIK DAİRE,"Şemikler Karşıyaka
 İzmir",4.425.000,88,106,2+1,2
782,KARŞIYAKA ÇARŞIDA ZEMİN ÜSTÜ SATILIK DAİRE,"Donanmacı Karşıyaka
 İzmir",2.700.000,95,110,2+1,2
783,DEMİRKÖPRÜ NECİP DEMIR LİSESİ KARŞISI 3+1 124M2 SATILIK DAİRE,"Demirköprü Karşıyaka
 İzmir",4.200.000,118,124,3+1,3
784,Soyak Siesta Energy'de 1+1 Ara kat Full Eşyalı Satılık Daire,"İnönü Karşıyaka
 İzmir",2.550.000,36,52,1+1,1
785,KARŞIYAKA BAHÇELİEVLER'DE 4+1 SATILIK DAİRE,"Bahçelievler Karşıyaka
 İzmir",3.950.000,200,220,4+1,4
786,"Karşıyaka Nergiz'de Geniş Sokakta, Dubleks 3+1 Daire","Goncalar Karşıyaka
 İzmir",2.350.000,100,120,3+1,3
787,İzmir Karşıyaka Donanmacı Mah Sahil Yakını Satılık 3+1 Daire,"Donanmacı Karşıyaka
 İzmir",3.050.000,100,120,3+1,3
788,"Medical Point Hastane Yanı,Anadolu Cadde Üzeri Sıfır Satılık 1+1","İmbatlı Karşıyaka
 İzmir",2.350.000,65,85,1+1,1
789,Neşe Emlak'tan Karşıyaka İmbatlı'da Satılık 1+1 Daire,"İmbatlı Karşıyaka
 İzmir",2.200.000,55,65,1+1,1
790,ALBATROS 7 DE BAKIMLI TADİLATLI MANZARALI 4+1,"Mavişehir Karşıyaka
 İzmir",9.750.000,184,210,4+1,4
791,Karşıyaka Goncalar Mah Girne Bulvarı Yakını Satılık 3+1 Daire,"Goncalar Karşıyaka
 İzmir",3.750.000,97,110,3+1,3
792,Karşıyaka Bostanlı'da Satılık Ebeveyn Banyolu 3+1 Daire,"Bostanlı Karşıyaka
 İzmir",5.950.000,120,130,3+1,3
793,Remax Target Ayşe Ayhandan Demirköprü de satılık 4 + 2 Dubleks,"Şemikler Karşıyaka
 İzmir",8.700.000,145,160,4+2,4
794,Karşıyaka Bostanlı Mah 3+1 Satılık Daire,"Bostanlı Karşıyaka
 İzmir",8.250.000,115,125,3+1,3
795,Karşıyaka AKSOY'da Asansörlü Geniş ve Ferah Satılık 3+1 Daire,"Aksoy Karşıyaka
 İzmir",3.800.000,135,145,3+1,3
796,RE/MAX Target'tan Karşıyaka Aksoyda Sıfır Daire,"Aksoy Karşıyaka
 İzmir",8.635.000,80,100,3+1,3
797,Karşıyaka Bahriye Üçok Mah. Ara Kat Satılık 3+1 Daire,"Bahriye Üçok Karşıyaka
 İzmir",3.150.000,110,120,3+1,3
798,Şemikler Priştina Arkasi Satılık 2+1 daire,"Şemikler Karşıyaka
 İzmir",2.480.000,65,75,2+1,2
799,"Kete'den Bostanlının Kalbinde 3 CEPHE ""0"" Ayarında Satılık 3+1","Bostanlı Karşıyaka
 İzmir",9.000.000,110,125,3+1,3
800,İZMİR LİVİN PROJESİNDEN SATILIK DAİRELER,"Mavişehir Karşıyaka
 İzmir",23.600.000,162,190,3+1,3
801,İzmir Karşıyaka Şemikler Ordu Bulvarında Satılık 3+1 Daire,"Şemikler Karşıyaka
 İzmir",3.200.000,85,112,3+1,3
802,GÜLTEKİN PRESTİJ SİTESİ'NDE LÜKS GENİŞ 2+1 SATILIK DAİRE,"Şemikler Karşıyaka
 İzmir",4.425.000,88,106,2+1,2
803,KARŞIYAKA ÇARŞIDA ZEMİN ÜSTÜ SATILIK DAİRE,"Donanmacı Karşıyaka
 İzmir",2.700.000,95,110,2+1,2
804,DEMİRKÖPRÜ NECİP DEMIR LİSESİ KARŞISI 3+1 124M2 SATILIK DAİRE,"Demirköprü Karşıyaka
 İzmir",4.200.000,118,124,3+1,3
805,Soyak Siesta Energy'de 1+1 Ara kat Full Eşyalı Satılık Daire,"İnönü Karşıyaka
 İzmir",2.550.000,36,52,1+1,1
806,KARŞIYAKA BAHÇELİEVLER'DE 4+1 SATILIK DAİRE,"Bahçelievler Karşıyaka
 İzmir",3.950.000,200,220,4+1,4
807,"Karşıyaka Nergiz'de Geniş Sokakta, Dubleks 3+1 Daire","Goncalar Karşıyaka
 İzmir",2.350.000,100,120,3+1,3
808,İzmir Karşıyaka Donanmacı Mah Sahil Yakını Satılık 3+1 Daire,"Donanmacı Karşıyaka
 İzmir",3.050.000,100,120,3+1,3
809,"Medical Point Hastane Yanı,Anadolu Cadde Üzeri Sıfır Satılık 1+1","İmbatlı Karşıyaka
 İzmir",2.350.000,65,85,1+1,1
810,Neşe Emlak'tan Karşıyaka İmbatlı'da Satılık 1+1 Daire,"İmbatlı Karşıyaka
 İzmir",2.200.000,55,65,1+1,1
811,ALBATROS 7 DE BAKIMLI TADİLATLI MANZARALI 4+1,"Mavişehir Karşıyaka
 İzmir",9.750.000,184,210,4+1,4
812,Karşıyaka Goncalar Mah Girne Bulvarı Yakını Satılık 3+1 Daire,"Goncalar Karşıyaka
 İzmir",3.750.000,97,110,3+1,3
813,Karşıyaka Bostanlı'da Satılık Ebeveyn Banyolu 3+1 Daire,"Bostanlı Karşıyaka
 İzmir",5.950.000,120,130,3+1,3
814,Remax Target Ayşe Ayhandan Demirköprü de satılık 4 + 2 Dubleks,"Şemikler Karşıyaka
 İzmir",8.700.000,145,160,4+2,4
815,Karşıyaka Bostanlı Mah 3+1 Satılık Daire,"Bostanlı Karşıyaka
 İzmir",8.250.000,115,125,3+1,3
816,Karşıyaka AKSOY'da Asansörlü Geniş ve Ferah Satılık 3+1 Daire,"Aksoy Karşıyaka
 İzmir",3.800.000,135,145,3+1,3
817,RE/MAX Target'tan Karşıyaka Aksoyda Sıfır Daire,"Aksoy Karşıyaka
 İzmir",8.635.000,80,100,3+1,3
818,Karşıyaka Bahriye Üçok Mah. Ara Kat Satılık 3+1 Daire,"Bahriye Üçok Karşıyaka
 İzmir",3.150.000,110,120,3+1,3
819,Şemikler Priştina Arkasi Satılık 2+1 daire,"Şemikler Karşıyaka
 İzmir",2.480.000,65,75,2+1,2
820,"Kete'den Bostanlının Kalbinde 3 CEPHE ""0"" Ayarında Satılık 3+1","Bostanlı Karşıyaka
 İzmir",9.000.000,110,125,3+1,3
821,İZMİR LİVİN PROJESİNDEN SATILIK DAİRELER,"Mavişehir Karşıyaka
 İzmir",23.600.000,162,190,3+1,3
822,İzmir Karşıyaka Şemikler Ordu Bulvarında Satılık 3+1 Daire,"Şemikler Karşıyaka
 İzmir",3.200.000,85,112,3+1,3
823,GÜLTEKİN PRESTİJ SİTESİ'NDE LÜKS GENİŞ 2+1 SATILIK DAİRE,"Şemikler Karşıyaka
 İzmir",4.425.000,88,106,2+1,2
824,KARŞIYAKA ÇARŞIDA ZEMİN ÜSTÜ SATILIK DAİRE,"Donanmacı Karşıyaka
 İzmir",2.700.000,95,110,2+1,2
825,DEMİRKÖPRÜ NECİP DEMIR LİSESİ KARŞISI 3+1 124M2 SATILIK DAİRE,"Demirköprü Karşıyaka
 İzmir",4.200.000,118,124,3+1,3
826,Soyak Siesta Energy'de 1+1 Ara kat Full Eşyalı Satılık Daire,"İnönü Karşıyaka
 İzmir",2.550.000,36,52,1+1,1
827,KARŞIYAKA BAHÇELİEVLER'DE 4+1 SATILIK DAİRE,"Bahçelievler Karşıyaka
 İzmir",3.950.000,200,220,4+1,4
828,"Karşıyaka Nergiz'de Geniş Sokakta, Dubleks 3+1 Daire","Goncalar Karşıyaka
 İzmir",2.350.000,100,120,3+1,3
829,İzmir Karşıyaka Donanmacı Mah Sahil Yakını Satılık 3+1 Daire,"Donanmacı Karşıyaka
 İzmir",3.050.000,100,120,3+1,3
830,"Medical Point Hastane Yanı,Anadolu Cadde Üzeri Sıfır Satılık 1+1","İmbatlı Karşıyaka
 İzmir",2.350.000,65,85,1+1,1
831,Neşe Emlak'tan Karşıyaka İmbatlı'da Satılık 1+1 Daire,"İmbatlı Karşıyaka
 İzmir",2.200.000,55,65,1+1,1
832,ALBATROS 7 DE BAKIMLI TADİLATLI MANZARALI 4+1,"Mavişehir Karşıyaka
 İzmir",9.750.000,184,210,4+1,4
833,Karşıyaka Goncalar Mah Girne Bulvarı Yakını Satılık 3+1 Daire,"Goncalar Karşıyaka
 İzmir",3.750.000,97,110,3+1,3
834,Karşıyaka Bostanlı'da Satılık Ebeveyn Banyolu 3+1 Daire,"Bostanlı Karşıyaka
 İzmir",5.950.000,120,130,3+1,3
835,Remax Target Ayşe Ayhandan Demirköprü de satılık 4 + 2 Dubleks,"Şemikler Karşıyaka
 İzmir",8.700.000,145,160,4+2,4
836,Karşıyaka Bostanlı Mah 3+1 Satılık Daire,"Bostanlı Karşıyaka
 İzmir",8.250.000,115,125,3+1,3
837,Karşıyaka AKSOY'da Asansörlü Geniş ve Ferah Satılık 3+1 Daire,"Aksoy Karşıyaka
 İzmir",3.800.000,135,145,3+1,3
838,RE/MAX Target'tan Karşıyaka Aksoyda Sıfır Daire,"Aksoy Karşıyaka
 İzmir",8.635.000,80,100,3+1,3
839,Karşıyaka Bahriye Üçok Mah. Ara Kat Satılık 3+1 Daire,"Bahriye Üçok Karşıyaka
 İzmir",3.150.000,110,120,3+1,3
840,Şemikler Priştina Arkasi Satılık 2+1 daire,"Şemikler Karşıyaka
 İzmir",2.480.000,65,75,2+1,2
841,"Kete'den Bostanlının Kalbinde 3 CEPHE ""0"" Ayarında Satılık 3+1","Bostanlı Karşıyaka
 İzmir",9.000.000,110,125,3+1,3
842,İZMİR LİVİN PROJESİNDEN SATILIK DAİRELER,"Mavişehir Karşıyaka
 İzmir",23.600.000,162,190,3+1,3
843,İzmir Karşıyaka Şemikler Ordu Bulvarında Satılık 3+1 Daire,"Şemikler Karşıyaka
 İzmir",3.200.000,85,112,3+1,3
844,GÜLTEKİN PRESTİJ SİTESİ'NDE LÜKS GENİŞ 2+1 SATILIK DAİRE,"Şemikler Karşıyaka
 İzmir",4.425.000,88,106,2+1,2
845,KARŞIYAKA ÇARŞIDA ZEMİN ÜSTÜ SATILIK DAİRE,"Donanmacı Karşıyaka
 İzmir",2.700.000,95,110,2+1,2
846,DEMİRKÖPRÜ NECİP DEMIR LİSESİ KARŞISI 3+1 124M2 SATILIK DAİRE,"Demirköprü Karşıyaka
 İzmir",4.200.000,118,124,3+1,3
847,Soyak Siesta Energy'de 1+1 Ara kat Full Eşyalı Satılık Daire,"İnönü Karşıyaka
 İzmir",2.550.000,36,52,1+1,1
848,KARŞIYAKA BAHÇELİEVLER'DE 4+1 SATILIK DAİRE,"Bahçelievler Karşıyaka
 İzmir",3.950.000,200,220,4+1,4
849,"Karşıyaka Nergiz'de Geniş Sokakta, Dubleks 3+1 Daire","Goncalar Karşıyaka
 İzmir",2.350.000,100,120,3+1,3
850,İzmir Karşıyaka Donanmacı Mah Sahil Yakını Satılık 3+1 Daire,"Donanmacı Karşıyaka
 İzmir",3.050.000,100,120,3+1,3
851,"Medical Point Hastane Yanı,Anadolu Cadde Üzeri Sıfır Satılık 1+1","İmbatlı Karşıyaka
 İzmir",2.350.000,65,85,1+1,1
